Reference Date,Pair Date,Coherence
2020-12-01,2020-12-05,0.22747479763468448
2020-12-01,2020-12-09,0.16428754443214033
2020-12-01,2020-12-13,0.4519094013599503
2020-12-01,2020-12-17,0.7700645436569096
2020-12-01,2020-12-21,0.9118775542714714
2020-12-01,2020-12-25,0.8098514154345298
2020-12-01,2020-12-29,0.9063836820293172
2020-12-01,2021-01-02,0.18794651466358048
2020-12-01,2021-01-06,0.745922875976315
2020-12-01,2021-01-10,0.768726560384312
2020-12-01,2021-01-14,0.8906508375072394
2020-12-01,2021-01-18,0.11787369069634424
2020-12-01,2021-01-22,0.6416344009444932
2020-12-01,2021-01-26,0.7422549206433547
2020-12-01,2021-01-30,0.6394568289580398
2020-12-01,2021-02-03,0.6261589751032526
2020-12-01,2021-02-07,0.20697524854986304
2020-12-01,2021-02-11,0.2640051593348578
2020-12-01,2021-02-15,0.7898542786244868
2020-12-01,2021-02-19,0.5751591688308727
2020-12-01,2021-02-23,0.6184928211650182
2020-12-01,2021-02-27,0.8950797716077371
2020-12-01,2021-03-03,0.5649353403465341
2020-12-01,2021-03-07,0.47293014401511424
2020-12-01,2021-03-11,0.941650339856621
2020-12-01,2021-03-15,0.2653679570459392
2020-12-01,2021-03-19,0.49360527852088476
2020-12-01,2021-03-23,0.9422106754337067
2020-12-01,2021-03-27,0.8154721010932865
2020-12-01,2021-03-31,0.993390577987632
2020-12-01,2021-04-04,0.10997062824696624
2020-12-01,2021-04-08,0.338107839097182
2020-12-01,2021-04-12,0.4803121262554426
2020-12-01,2021-04-16,0.170541563598947
2020-12-01,2021-04-20,0.4828758783227981
2020-12-01,2021-04-24,0.10528986791538364
2020-12-01,2021-04-28,0.13597975836222453
2020-12-01,2021-05-02,0.46231543340537684
2020-12-01,2021-05-06,0.2826929083144998
2020-12-01,2021-05-10,0.3279347555547625
2020-12-01,2021-05-14,0.8646982495474566
2020-12-01,2021-05-18,0.44729048715976205
2020-12-01,2021-05-22,0.7929813104001884
2020-12-01,2021-05-26,0.5332415580919497
2020-12-01,2021-05-30,0.18888055845117513
2020-12-01,2021-06-03,0.3657961967931551
2020-12-01,2021-06-07,0.8094406761748446
2020-12-01,2021-06-11,0.9321619939693317
2020-12-01,2021-06-15,0.6570373595576832
2020-12-01,2021-06-19,0.7788873410282425
2020-12-01,2021-06-23,0.8677980259686959
2020-12-01,2021-06-27,0.047478640040290454
2020-12-01,2021-07-01,0.6383247855867773
2020-12-01,2021-07-05,0.36423792073536587
2020-12-01,2021-07-09,0.9264575879576009
2020-12-01,2021-07-13,0.556204648982796
2020-12-01,2021-07-17,0.06320505351808858
2020-12-01,2021-07-21,0.6578477939613689
2020-12-01,2021-07-25,0.1846945427252754
2020-12-01,2021-07-29,0.6597022975425362
2020-12-01,2021-08-02,0.17632181915958223
2020-12-01,2021-08-06,0.3826581747596408
2020-12-01,2021-08-10,0.10228094149172429
2020-12-01,2021-08-14,0.8350263200983602
2020-12-01,2021-08-18,0.7727404511140963
2020-12-01,2021-08-22,0.8232950273058066
2020-12-01,2021-08-26,0.8148324621604224
2020-12-01,2021-08-30,0.8332199975512988
2020-12-01,2021-09-03,0.6850747080490543
2020-12-05,2020-12-09,0.9199852212588797
2020-12-05,2020-12-13,0.4771454846689519
2020-12-05,2020-12-17,0.3931542202290883
2020-12-05,2020-12-21,0.19844816653515618
2020-12-05,2020-12-25,0.16989692443031934
2020-12-05,2020-12-29,0.914464968811818
2020-12-05,2021-01-02,0.3029903240714673
2020-12-05,2021-01-06,0.36878803654717085
2020-12-05,2021-01-10,0.6195270025711679
2020-12-05,2021-01-14,0.42791593508854153
2020-12-05,2021-01-18,0.4850755723769039
2020-12-05,2021-01-22,0.1497251338554002
2020-12-05,2021-01-26,0.682454234857822
2020-12-05,2021-01-30,0.7608807496922912
2020-12-05,2021-02-03,0.7481331969144751
2020-12-05,2021-02-07,0.6602992505069017
2020-12-05,2021-02-11,0.7410278184170269
2020-12-05,2021-02-15,0.6410316676766283
2020-12-05,2021-02-19,0.7894272217010702
2020-12-05,2021-02-23,0.38245539460573774
2020-12-05,2021-02-27,0.3291158165725876
2020-12-05,2021-03-03,0.41887806025723884
2020-12-05,2021-03-07,0.8618702239240364
2020-12-05,2021-03-11,0.40659020877856245
2020-12-05,2021-03-15,0.0728772664829711
2020-12-05,2021-03-19,0.34848339539870477
2020-12-05,2021-03-23,0.004972977117592148
2020-12-05,2021-03-27,0.4013582901556392
2020-12-05,2021-03-31,0.26955746671261116
2020-12-05,2021-04-04,0.44749162588054336
2020-12-05,2021-04-08,0.9068621193218482
2020-12-05,2021-04-12,0.2502958236567753
2020-12-05,2021-04-16,0.039020426901210215
2020-12-05,2021-04-20,0.7269945747984105
2020-12-05,2021-04-24,0.8868193786307957
2020-12-05,2021-04-28,0.3880963363159
2020-12-05,2021-05-02,0.5693262326296861
2020-12-05,2021-05-06,0.5281766391513382
2020-12-05,2021-05-10,0.7495705650127017
2020-12-05,2021-05-14,0.8187549203593705
2020-12-05,2021-05-18,0.11772306710758218
2020-12-05,2021-05-22,0.518655083175557
2020-12-05,2021-05-26,0.7061563360087725
2020-12-05,2021-05-30,0.41061043658319674
2020-12-05,2021-06-03,0.19491241119887492
2020-12-05,2021-06-07,0.853260529387884
2020-12-05,2021-06-11,0.4237252071274371
2020-12-05,2021-06-15,0.6260799958166243
2020-12-05,2021-06-19,0.4460273699010273
2020-12-05,2021-06-23,0.9053332290925312
2020-12-05,2021-06-27,0.9836481551351154
2020-12-05,2021-07-01,0.7735721834889144
2020-12-05,2021-07-05,0.5940288763708568
2020-12-05,2021-07-09,0.19621748569385844
2020-12-05,2021-07-13,0.5428471012225657
2020-12-05,2021-07-17,0.034878815372538674
2020-12-05,2021-07-21,0.8656110097681464
2020-12-05,2021-07-25,0.5810900084115979
2020-12-05,2021-07-29,0.4928536832746553
2020-12-05,2021-08-02,0.3730375316248248
2020-12-05,2021-08-06,0.042947728173797106
2020-12-05,2021-08-10,0.6543535279024094
2020-12-05,2021-08-14,0.2504682724746664
2020-12-05,2021-08-18,0.5049171282167308
2020-12-05,2021-08-22,0.8693739722584507
2020-12-05,2021-08-26,0.7198545482461998
2020-12-05,2021-08-30,0.04683571115116292
2020-12-05,2021-09-03,0.7196804512144218
2020-12-09,2020-12-13,0.44830329635748944
2020-12-09,2020-12-17,0.4911818857346829
2020-12-09,2020-12-21,0.4898718688417887
2020-12-09,2020-12-25,0.5452725113410309
2020-12-09,2020-12-29,0.9806698525009175
2020-12-09,2021-01-02,0.2716341574274821
2020-12-09,2021-01-06,0.03569307563116675
2020-12-09,2021-01-10,0.6507449043846317
2020-12-09,2021-01-14,0.6088291902769476
2020-12-09,2021-01-18,0.9041696349282573
2020-12-09,2021-01-22,0.42571507699115796
2020-12-09,2021-01-26,0.07435077000753221
2020-12-09,2021-01-30,0.6952949595627878
2020-12-09,2021-02-03,0.5237473530343632
2020-12-09,2021-02-07,0.924905272540925
2020-12-09,2021-02-11,0.685314043132873
2020-12-09,2021-02-15,0.23877461004191003
2020-12-09,2021-02-19,0.2562391275975501
2020-12-09,2021-02-23,0.6498668857949286
2020-12-09,2021-02-27,0.014920639234258903
2020-12-09,2021-03-03,0.7514685066452379
2020-12-09,2021-03-07,0.08827766009545246
2020-12-09,2021-03-11,0.8104389413120822
2020-12-09,2021-03-15,0.34221855903554554
2020-12-09,2021-03-19,0.8816399960064534
2020-12-09,2021-03-23,0.17319273735011276
2020-12-09,2021-03-27,0.9305681899827564
2020-12-09,2021-03-31,0.7603329562156391
2020-12-09,2021-04-04,0.42053138610930485
2020-12-09,2021-04-08,0.5067977718567586
2020-12-09,2021-04-12,0.06304664671391547
2020-12-09,2021-04-16,0.9357530764093992
2020-12-09,2021-04-20,0.7669432191865204
2020-12-09,2021-04-24,0.6140145630533034
2020-12-09,2021-04-28,0.37284064516359294
2020-12-09,2021-05-02,0.41193654982388406
2020-12-09,2021-05-06,0.4950993676025257
2020-12-09,2021-05-10,0.9814845243015642
2020-12-09,2021-05-14,0.7911200645600093
2020-12-09,2021-05-18,0.0718778526607835
2020-12-09,2021-05-22,0.6464605744474881
2020-12-09,2021-05-26,0.6066832285812418
2020-12-09,2021-05-30,0.018772809716664063
2020-12-09,2021-06-03,0.3837770770365261
2020-12-09,2021-06-07,0.7943618672545221
2020-12-09,2021-06-11,0.607154541998056
2020-12-09,2021-06-15,0.5712614912466224
2020-12-09,2021-06-19,0.17299953203095653
2020-12-09,2021-06-23,0.5754250731388686
2020-12-09,2021-06-27,0.35267667889466536
2020-12-09,2021-07-01,0.2445815460175642
2020-12-09,2021-07-05,0.6746557420345732
2020-12-09,2021-07-09,0.6102624943629806
2020-12-09,2021-07-13,0.28811442387336395
2020-12-09,2021-07-17,0.2514036232367872
2020-12-09,2021-07-21,0.06722700170627116
2020-12-09,2021-07-25,0.013940746934024362
2020-12-09,2021-07-29,0.13750505565993199
2020-12-09,2021-08-02,0.7638794911037742
2020-12-09,2021-08-06,0.4262575715440614
2020-12-09,2021-08-10,0.6452997875815556
2020-12-09,2021-08-14,0.835600974299044
2020-12-09,2021-08-18,0.10366200984025586
2020-12-09,2021-08-22,0.613420744081015
2020-12-09,2021-08-26,0.4419014015404513
2020-12-09,2021-08-30,0.17435425642328006
2020-12-09,2021-09-03,0.252626376123287
2020-12-13,2020-12-17,0.11688971622849065
2020-12-13,2020-12-21,0.4448680843392584
2020-12-13,2020-12-25,0.501483712319193
2020-12-13,2020-12-29,0.21109969777156334
2020-12-13,2021-01-02,0.41390816625818094
2020-12-13,2021-01-06,0.6772990156287948
2020-12-13,2021-01-10,0.17042773665500444
2020-12-13,2021-01-14,0.8752888670986423
2020-12-13,2021-01-18,0.015598247548432642
2020-12-13,2021-01-22,0.09927964835619507
2020-12-13,2021-01-26,0.4164695040362053
2020-12-13,2021-01-30,0.4687665609703462
2020-12-13,2021-02-03,0.09406181660822555
2020-12-13,2021-02-07,0.9883798839554535
2020-12-13,2021-02-11,0.5928254748126764
2020-12-13,2021-02-15,0.5490557476195222
2020-12-13,2021-02-19,0.6210492113183779
2020-12-13,2021-02-23,0.4139458735386561
2020-12-13,2021-02-27,0.871891071500098
2020-12-13,2021-03-03,0.951613638475591
2020-12-13,2021-03-07,0.31326670927252964
2020-12-13,2021-03-11,0.6173795003593369
2020-12-13,2021-03-15,0.9684506319875529
2020-12-13,2021-03-19,0.47814417189265424
2020-12-13,2021-03-23,0.6124496402381014
2020-12-13,2021-03-27,0.21729278879333247
2020-12-13,2021-03-31,0.4834763251172526
2020-12-13,2021-04-04,0.12039411193368699
2020-12-13,2021-04-08,0.004460675270421821
2020-12-13,2021-04-12,0.9904100830291712
2020-12-13,2021-04-16,0.2687096840921519
2020-12-13,2021-04-20,0.45295993197004314
2020-12-13,2021-04-24,0.8548411541310103
2020-12-13,2021-04-28,0.01513512380740134
2020-12-13,2021-05-02,0.15185298979434902
2020-12-13,2021-05-06,0.4464947374438867
2020-12-13,2021-05-10,0.1480801831253371
2020-12-13,2021-05-14,0.32569461684702117
2020-12-13,2021-05-18,0.6653539120431746
2020-12-13,2021-05-22,0.8904803748759654
2020-12-13,2021-05-26,0.6223828760914473
2020-12-13,2021-05-30,0.5313354225118485
2020-12-13,2021-06-03,0.6217213162123881
2020-12-13,2021-06-07,0.02182005411244592
2020-12-13,2021-06-11,0.7166462291040012
2020-12-13,2021-06-15,0.4239632611472115
2020-12-13,2021-06-19,0.7742869142941056
2020-12-13,2021-06-23,0.3687383721063606
2020-12-13,2021-06-27,0.5045439468617243
2020-12-13,2021-07-01,0.4000413392738871
2020-12-13,2021-07-05,0.9767673462489529
2020-12-13,2021-07-09,0.9758196742298887
2020-12-13,2021-07-13,0.7778063075336402
2020-12-13,2021-07-17,0.03551250567427133
2020-12-13,2021-07-21,0.351178519469051
2020-12-13,2021-07-25,0.07788795008009919
2020-12-13,2021-07-29,0.8874858411506096
2020-12-13,2021-08-02,0.3464138803075689
2020-12-13,2021-08-06,0.5172961995301046
2020-12-13,2021-08-10,0.7699796772053308
2020-12-13,2021-08-14,0.6083949050904287
2020-12-13,2021-08-18,0.6342947185295642
2020-12-13,2021-08-22,0.7773055787455929
2020-12-13,2021-08-26,0.4095228358750016
2020-12-13,2021-08-30,0.8409850351752973
2020-12-13,2021-09-03,0.3099124817777652
2020-12-17,2020-12-21,0.9451989903662568
2020-12-17,2020-12-25,0.5317945214055241
2020-12-17,2020-12-29,0.2620566098719922
2020-12-17,2021-01-02,0.528849039707481
2020-12-17,2021-01-06,0.708619098685161
2020-12-17,2021-01-10,0.7495446480662471
2020-12-17,2021-01-14,0.585344449134664
2020-12-17,2021-01-18,0.7566961586665886
2020-12-17,2021-01-22,0.3305102127209498
2020-12-17,2021-01-26,0.8151495197335212
2020-12-17,2021-01-30,0.8874793281034857
2020-12-17,2021-02-03,0.8426713115508081
2020-12-17,2021-02-07,0.5104278960734075
2020-12-17,2021-02-11,0.25433202130410704
2020-12-17,2021-02-15,0.5077783418216066
2020-12-17,2021-02-19,0.0021900462514002905
2020-12-17,2021-02-23,0.011002436945165228
2020-12-17,2021-02-27,0.05758794475374318
2020-12-17,2021-03-03,0.8962177712941145
2020-12-17,2021-03-07,0.5449780986382846
2020-12-17,2021-03-11,0.36054098688973246
2020-12-17,2021-03-15,0.48846788781734796
2020-12-17,2021-03-19,0.12222752993915575
2020-12-17,2021-03-23,0.7868985921767937
2020-12-17,2021-03-27,0.11291683282445109
2020-12-17,2021-03-31,0.21288458642677988
2020-12-17,2021-04-04,0.6767683528553291
2020-12-17,2021-04-08,0.6826050951019081
2020-12-17,2021-04-12,0.6896290856687667
2020-12-17,2021-04-16,0.8635985243813435
2020-12-17,2021-04-20,0.13870743358571969
2020-12-17,2021-04-24,0.27955105608723385
2020-12-17,2021-04-28,0.6392467872997101
2020-12-17,2021-05-02,0.42505833063253684
2020-12-17,2021-05-06,0.7718491280696024
2020-12-17,2021-05-10,0.024221211619297245
2020-12-17,2021-05-14,0.688268570290266
2020-12-17,2021-05-18,0.2772770728517998
2020-12-17,2021-05-22,0.2515653263442936
2020-12-17,2021-05-26,0.5218662696387776
2020-12-17,2021-05-30,0.695730723600452
2020-12-17,2021-06-03,0.05736045069938123
2020-12-17,2021-06-07,0.4712306960808489
2020-12-17,2021-06-11,0.6920773787841468
2020-12-17,2021-06-15,0.17976339970733712
2020-12-17,2021-06-19,0.44465789359308183
2020-12-17,2021-06-23,0.9812517004646247
2020-12-17,2021-06-27,0.5073672856849029
2020-12-17,2021-07-01,0.1215371382235394
2020-12-17,2021-07-05,0.2140741772311373
2020-12-17,2021-07-09,0.0026629566617139
2020-12-17,2021-07-13,0.37628244370685404
2020-12-17,2021-07-17,0.05036656207060497
2020-12-17,2021-07-21,0.20477670497105915
2020-12-17,2021-07-25,0.3680327612137788
2020-12-17,2021-07-29,0.7160365868603419
2020-12-17,2021-08-02,0.014489023710942961
2020-12-17,2021-08-06,0.1339508977015057
2020-12-17,2021-08-10,0.11322052024361762
2020-12-17,2021-08-14,0.5205103155130855
2020-12-17,2021-08-18,0.2780621564342569
2020-12-17,2021-08-22,0.44927038299857414
2020-12-17,2021-08-26,0.42084300992810053
2020-12-17,2021-08-30,0.12088540695014083
2020-12-17,2021-09-03,0.8715090064707564
2020-12-21,2020-12-25,0.9859708772603496
2020-12-21,2020-12-29,0.8825953051700653
2020-12-21,2021-01-02,0.8347962461807414
2020-12-21,2021-01-06,0.965081503933172
2020-12-21,2021-01-10,0.08311146404545644
2020-12-21,2021-01-14,0.23436780052947237
2020-12-21,2021-01-18,0.40481894953263986
2020-12-21,2021-01-22,0.5619221360324185
2020-12-21,2021-01-26,0.7585770791907167
2020-12-21,2021-01-30,0.41352876675787065
2020-12-21,2021-02-03,0.16319600672991463
2020-12-21,2021-02-07,0.6246661833439413
2020-12-21,2021-02-11,0.09876907564824577
2020-12-21,2021-02-15,0.5376101805374148
2020-12-21,2021-02-19,0.7844679296460224
2020-12-21,2021-02-23,0.4798534234636125
2020-12-21,2021-02-27,0.22219801490342805
2020-12-21,2021-03-03,0.6889981690040661
2020-12-21,2021-03-07,0.8194784912547562
2020-12-21,2021-03-11,0.3302365227203937
2020-12-21,2021-03-15,0.14630566080095608
2020-12-21,2021-03-19,0.8570953065844384
2020-12-21,2021-03-23,0.22250593499506444
2020-12-21,2021-03-27,0.7229036393686671
2020-12-21,2021-03-31,0.2144426654506265
2020-12-21,2021-04-04,0.30927996953604286
2020-12-21,2021-04-08,0.06737032790081166
2020-12-21,2021-04-12,0.6602144533173572
2020-12-21,2021-04-16,0.9473721297069337
2020-12-21,2021-04-20,0.6333135020676778
2020-12-21,2021-04-24,0.3188451836084234
2020-12-21,2021-04-28,0.359159779050893
2020-12-21,2021-05-02,0.22178343517801946
2020-12-21,2021-05-06,0.20916657939241678
2020-12-21,2021-05-10,0.832342483802654
2020-12-21,2021-05-14,0.05799997485539632
2020-12-21,2021-05-18,0.7400628117538322
2020-12-21,2021-05-22,0.9299664532077423
2020-12-21,2021-05-26,0.6682107395403659
2020-12-21,2021-05-30,0.2661455976624172
2020-12-21,2021-06-03,0.9272885992196794
2020-12-21,2021-06-07,0.7175810393298001
2020-12-21,2021-06-11,0.29060634561500553
2020-12-21,2021-06-15,0.27167724233124824
2020-12-21,2021-06-19,0.4155039448544532
2020-12-21,2021-06-23,0.10714172116703724
2020-12-21,2021-06-27,0.08873191403055769
2020-12-21,2021-07-01,0.7224771478403381
2020-12-21,2021-07-05,0.3501291207280932
2020-12-21,2021-07-09,0.049437018781955167
2020-12-21,2021-07-13,0.26096757848695074
2020-12-21,2021-07-17,0.4828379094404045
2020-12-21,2021-07-21,0.04364313038366907
2020-12-21,2021-07-25,0.8717947359160985
2020-12-21,2021-07-29,0.4607009666872277
2020-12-21,2021-08-02,0.5833680567665191
2020-12-21,2021-08-06,0.016961720132782077
2020-12-21,2021-08-10,0.3786036768592689
2020-12-21,2021-08-14,0.6124276596611355
2020-12-21,2021-08-18,0.2958241960255662
2020-12-21,2021-08-22,0.580762541133488
2020-12-21,2021-08-26,0.061802113969409045
2020-12-21,2021-08-30,0.5993418017994516
2020-12-21,2021-09-03,0.7054218534680241
2020-12-25,2020-12-29,0.31308651788603514
2020-12-25,2021-01-02,0.8384176853846682
2020-12-25,2021-01-06,0.6682897185896693
2020-12-25,2021-01-10,0.8580280104315381
2020-12-25,2021-01-14,0.9533927210322829
2020-12-25,2021-01-18,0.6858046186181411
2020-12-25,2021-01-22,0.5385109213562084
2020-12-25,2021-01-26,0.16661361995599322
2020-12-25,2021-01-30,0.816234702576434
2020-12-25,2021-02-03,0.9003836364244794
2020-12-25,2021-02-07,0.11221072694998635
2020-12-25,2021-02-11,0.8112480387138626
2020-12-25,2021-02-15,0.4413704741711353
2020-12-25,2021-02-19,0.37968263037061867
2020-12-25,2021-02-23,0.6572734158118104
2020-12-25,2021-02-27,0.2663770418051741
2020-12-25,2021-03-03,0.46803339870378236
2020-12-25,2021-03-07,0.9834210794251592
2020-12-25,2021-03-11,0.4266248213992494
2020-12-25,2021-03-15,0.6686017675241293
2020-12-25,2021-03-19,0.39380165952610713
2020-12-25,2021-03-23,0.9461054544784473
2020-12-25,2021-03-27,0.8817999878757506
2020-12-25,2021-03-31,0.8746225974257399
2020-12-25,2021-04-04,0.40564044901312535
2020-12-25,2021-04-08,0.742673259793404
2020-12-25,2021-04-12,0.1471730882788611
2020-12-25,2021-04-16,0.3088203637984077
2020-12-25,2021-04-20,0.6407697632943943
2020-12-25,2021-04-24,0.1637857865752952
2020-12-25,2021-04-28,0.4492502342789908
2020-12-25,2021-05-02,0.7462749483525276
2020-12-25,2021-05-06,0.7232093047338762
2020-12-25,2021-05-10,0.7262450247364505
2020-12-25,2021-05-14,0.5631666569218126
2020-12-25,2021-05-18,0.5610920316970194
2020-12-25,2021-05-22,0.9169496156222282
2020-12-25,2021-05-26,0.22437657182653936
2020-12-25,2021-05-30,0.4172906635000828
2020-12-25,2021-06-03,0.6602918798307461
2020-12-25,2021-06-07,0.23878178854475285
2020-12-25,2021-06-11,0.8083689286304042
2020-12-25,2021-06-15,0.4369182250396537
2020-12-25,2021-06-19,0.45462429834427653
2020-12-25,2021-06-23,0.21426290467532572
2020-12-25,2021-06-27,0.11529680034647716
2020-12-25,2021-07-01,0.42865910363069504
2020-12-25,2021-07-05,0.8415582335384053
2020-12-25,2021-07-09,0.21944241844316548
2020-12-25,2021-07-13,0.44133152475332127
2020-12-25,2021-07-17,0.06150683979874694
2020-12-25,2021-07-21,0.05466112753588159
2020-12-25,2021-07-25,0.45210396551425214
2020-12-25,2021-07-29,0.3422297177284813
2020-12-25,2021-08-02,0.4969890056892493
2020-12-25,2021-08-06,0.8388848990271627
2020-12-25,2021-08-10,0.6749439891109708
2020-12-25,2021-08-14,0.48543656636181387
2020-12-25,2021-08-18,0.22301403644713214
2020-12-25,2021-08-22,0.5396984149218248
2020-12-25,2021-08-26,0.051102700770139564
2020-12-25,2021-08-30,0.6018217255296934
2020-12-25,2021-09-03,0.11566196361885639
2020-12-29,2021-01-02,0.7321816017264888
2020-12-29,2021-01-06,0.4743778656929437
2020-12-29,2021-01-10,0.05431157438560219
2020-12-29,2021-01-14,0.06692056242658928
2020-12-29,2021-01-18,0.38368247202702876
2020-12-29,2021-01-22,0.3338497737341174
2020-12-29,2021-01-26,0.9762498474128469
2020-12-29,2021-01-30,0.3898990274225086
2020-12-29,2021-02-03,0.5544409979326562
2020-12-29,2021-02-07,0.9017941717638258
2020-12-29,2021-02-11,0.07837933027361621
2020-12-29,2021-02-15,0.03292365968132416
2020-12-29,2021-02-19,0.7636701142244899
2020-12-29,2021-02-23,0.4506299982985025
2020-12-29,2021-02-27,0.5998654597650688
2020-12-29,2021-03-03,0.45252748578285873
2020-12-29,2021-03-07,0.3508785138287783
2020-12-29,2021-03-11,0.9499855725057997
2020-12-29,2021-03-15,0.7199124737009395
2020-12-29,2021-03-19,0.48724192393757537
2020-12-29,2021-03-23,0.7366557922771242
2020-12-29,2021-03-27,0.09735513455289913
2020-12-29,2021-03-31,0.043118863976555066
2020-12-29,2021-04-04,0.4850943323089332
2020-12-29,2021-04-08,0.9266749503387303
2020-12-29,2021-04-12,0.40177137060371193
2020-12-29,2021-04-16,0.8353494065570537
2020-12-29,2021-04-20,0.5091413724291074
2020-12-29,2021-04-24,0.7872891979142033
2020-12-29,2021-04-28,0.9573847007150929
2020-12-29,2021-05-02,0.2711269269377945
2020-12-29,2021-05-06,0.0031168092950489834
2020-12-29,2021-05-10,0.7913801072282919
2020-12-29,2021-05-14,0.44156978221710097
2020-12-29,2021-05-18,0.729657868302203
2020-12-29,2021-05-22,0.5064475258188104
2020-12-29,2021-05-26,0.16868592951687134
2020-12-29,2021-05-30,0.8915861855488255
2020-12-29,2021-06-03,0.4776762779517906
2020-12-29,2021-06-07,0.4049961247557411
2020-12-29,2021-06-11,0.35200844978641244
2020-12-29,2021-06-15,0.5455530830596207
2020-12-29,2021-06-19,0.5451215089270768
2020-12-29,2021-06-23,0.9880514417640176
2020-12-29,2021-06-27,0.1422909407559455
2020-12-29,2021-07-01,0.15244067296013786
2020-12-29,2021-07-05,0.4009136257063426
2020-12-29,2021-07-09,0.0348359032716844
2020-12-29,2021-07-13,0.20946174290765507
2020-12-29,2021-07-17,0.6639389236326799
2020-12-29,2021-07-21,0.09080782601834159
2020-12-29,2021-07-25,0.14930025053642826
2020-12-29,2021-07-29,0.5070484376832384
2020-12-29,2021-08-02,0.7429968879216592
2020-12-29,2021-08-06,0.22599846872035356
2020-12-29,2021-08-10,0.1500393238287705
2020-12-29,2021-08-14,0.24159638002882078
2020-12-29,2021-08-18,0.6520500168173525
2020-12-29,2021-08-22,0.8121111718772638
2020-12-29,2021-08-26,0.5982231359221969
2020-12-29,2021-08-30,0.2602455105899568
2020-12-29,2021-09-03,0.2924743928918826
2021-01-02,2021-01-06,0.338301691913799
2021-01-02,2021-01-10,0.12659364125980832
2021-01-02,2021-01-14,0.8574818468070436
2021-01-02,2021-01-18,0.005754385859736755
2021-01-02,2021-01-22,0.7512751913752702
2021-01-02,2021-01-26,0.37844712934252567
2021-01-02,2021-01-30,0.08251895280755106
2021-01-02,2021-02-03,0.37833984866357373
2021-01-02,2021-02-07,0.1375111274253985
2021-01-02,2021-02-11,0.9887012885488999
2021-01-02,2021-02-15,0.9982752460018548
2021-01-02,2021-02-19,0.5101066847723976
2021-01-02,2021-02-23,0.9732900672156478
2021-01-02,2021-02-27,0.6643540882165949
2021-01-02,2021-03-03,0.35092913141388227
2021-01-02,2021-03-07,0.7601745523694647
2021-01-02,2021-03-11,0.06304393484179116
2021-01-02,2021-03-15,0.8952944238417031
2021-01-02,2021-03-19,0.6069352647446784
2021-01-02,2021-03-23,0.08677646841509379
2021-01-02,2021-03-27,0.40054732659789216
2021-01-02,2021-03-31,0.44966894469058305
2021-01-02,2021-04-04,0.7221631078502811
2021-01-02,2021-04-08,0.243543286352356
2021-01-02,2021-04-12,0.577160636459786
2021-01-02,2021-04-16,0.5323114217583517
2021-01-02,2021-04-20,0.22093694912931017
2021-01-02,2021-04-24,0.562066616653284
2021-01-02,2021-04-28,0.8286923359162289
2021-01-02,2021-05-02,0.28420892809006815
2021-01-02,2021-05-06,0.26507658193925865
2021-01-02,2021-05-10,0.05839741880397564
2021-01-02,2021-05-14,0.691612109414801
2021-01-02,2021-05-18,0.5587020482331414
2021-01-02,2021-05-22,0.1363226017366308
2021-01-02,2021-05-26,0.5388983320030953
2021-01-02,2021-05-30,0.6905594023652881
2021-01-02,2021-06-03,0.03253988839715738
2021-01-02,2021-06-07,0.18699242865849308
2021-01-02,2021-06-11,0.7188364893709378
2021-01-02,2021-06-15,0.7389267797537389
2021-01-02,2021-06-19,0.41501817377214234
2021-01-02,2021-06-23,0.6673031073044349
2021-01-02,2021-06-27,0.9244290970561351
2021-01-02,2021-07-01,0.8892174670478987
2021-01-02,2021-07-05,0.8011553262356658
2021-01-02,2021-07-09,0.8183695100208813
2021-01-02,2021-07-13,0.8531843410660565
2021-01-02,2021-07-17,0.06397162703885795
2021-01-02,2021-07-21,0.5375230378176886
2021-01-02,2021-07-25,0.8157401301442704
2021-01-02,2021-07-29,0.44103476557455523
2021-01-02,2021-08-02,0.22611642380411956
2021-01-02,2021-08-06,0.05268540730006477
2021-01-02,2021-08-10,0.6100595520473435
2021-01-02,2021-08-14,0.9165006597689246
2021-01-02,2021-08-18,0.24819889756540436
2021-01-02,2021-08-22,0.32619736472269234
2021-01-02,2021-08-26,0.1639716981730618
2021-01-02,2021-08-30,0.7644525520946889
2021-01-02,2021-09-03,0.6745528427053757
2021-01-06,2021-01-10,0.8562196584636347
2021-01-06,2021-01-14,0.38304273390039545
2021-01-06,2021-01-18,0.9589159852277094
2021-01-06,2021-01-22,0.17750466334911452
2021-01-06,2021-01-26,0.43009316767099803
2021-01-06,2021-01-30,0.27024815116743917
2021-01-06,2021-02-03,0.34206741385055905
2021-01-06,2021-02-07,0.45262087538887696
2021-01-06,2021-02-11,0.8821374464272199
2021-01-06,2021-02-15,0.8804727064616679
2021-01-06,2021-02-19,0.6730230266828625
2021-01-06,2021-02-23,0.4491036896393388
2021-01-06,2021-02-27,0.3382184878343266
2021-01-06,2021-03-03,0.9364439261670642
2021-01-06,2021-03-07,0.6369043883752922
2021-01-06,2021-03-11,0.5186188289997905
2021-01-06,2021-03-15,0.6935113631447523
2021-01-06,2021-03-19,0.9500006730207016
2021-01-06,2021-03-23,0.7048236342368753
2021-01-06,2021-03-27,0.17481004628740382
2021-01-06,2021-03-31,0.6844110622887728
2021-01-06,2021-04-04,0.33088347529103357
2021-01-06,2021-04-08,0.06437981970733364
2021-01-06,2021-04-12,0.21838269504554786
2021-01-06,2021-04-16,0.6773576367303223
2021-01-06,2021-04-20,0.28507699470448944
2021-01-06,2021-04-24,0.3361219212913006
2021-01-06,2021-04-28,0.8759326393896278
2021-01-06,2021-05-02,0.46818618252880073
2021-01-06,2021-05-06,0.5224723705737728
2021-01-06,2021-05-10,0.4138890409283992
2021-01-06,2021-05-14,0.011635461799330171
2021-01-06,2021-05-18,0.048064271640331224
2021-01-06,2021-05-22,0.7495399817679856
2021-01-06,2021-05-26,0.880044908448414
2021-01-06,2021-05-30,0.686967476219653
2021-01-06,2021-06-03,0.6434333873392957
2021-01-06,2021-06-07,0.854471056454423
2021-01-06,2021-06-11,0.9641313795156544
2021-01-06,2021-06-15,0.4107733797842479
2021-01-06,2021-06-19,0.7367988783031237
2021-01-06,2021-06-23,0.9886371058066993
2021-01-06,2021-06-27,0.1688609094874277
2021-01-06,2021-07-01,0.2580446068388591
2021-01-06,2021-07-05,0.3473700429823503
2021-01-06,2021-07-09,0.8792370036283901
2021-01-06,2021-07-13,0.5962334490304582
2021-01-06,2021-07-17,0.8250797694290034
2021-01-06,2021-07-21,0.5678273926096947
2021-01-06,2021-07-25,0.8107130262167009
2021-01-06,2021-07-29,0.11403148166723787
2021-01-06,2021-08-02,0.08575961616977856
2021-01-06,2021-08-06,0.0034655689282170332
2021-01-06,2021-08-10,0.7528379632639018
2021-01-06,2021-08-14,0.3894285599063083
2021-01-06,2021-08-18,0.5655205727889357
2021-01-06,2021-08-22,0.013463571374144001
2021-01-06,2021-08-26,0.6618079598466772
2021-01-06,2021-08-30,0.4885783060526384
2021-01-06,2021-09-03,0.8503728362869836
2021-01-10,2021-01-14,0.2848191146521505
2021-01-10,2021-01-18,0.5486988396368719
2021-01-10,2021-01-22,0.7771303709953252
2021-01-10,2021-01-26,0.5664882287529579
2021-01-10,2021-01-30,0.43005887946314336
2021-01-10,2021-02-03,0.6487507544914984
2021-01-10,2021-02-07,0.7791779992780086
2021-01-10,2021-02-11,0.771329258425098
2021-01-10,2021-02-15,0.23056973886030463
2021-01-10,2021-02-19,0.9751979982214517
2021-01-10,2021-02-23,0.5622237492533915
2021-01-10,2021-02-27,0.11395789657326127
2021-01-10,2021-03-03,0.9790212329391578
2021-01-10,2021-03-07,0.624669546795135
2021-01-10,2021-03-11,0.91944532848299
2021-01-10,2021-03-15,0.07503641033695618
2021-01-10,2021-03-19,0.29435913584297435
2021-01-10,2021-03-23,0.48220000880056735
2021-01-10,2021-03-27,0.2241065041561101
2021-01-10,2021-03-31,0.6143914553219308
2021-01-10,2021-04-04,0.33140452873656767
2021-01-10,2021-04-08,0.7891808837145432
2021-01-10,2021-04-12,0.5307766170469809
2021-01-10,2021-04-16,0.6053700656200727
2021-01-10,2021-04-20,0.7692910965121692
2021-01-10,2021-04-24,0.06155362606810977
2021-01-10,2021-04-28,0.7840687452596047
2021-01-10,2021-05-02,0.5569448500665378
2021-01-10,2021-05-06,0.21788688638508913
2021-01-10,2021-05-10,0.3522237431210705
2021-01-10,2021-05-14,0.6317366793942097
2021-01-10,2021-05-18,0.8396872458239597
2021-01-10,2021-05-22,0.7432330437974365
2021-01-10,2021-05-26,0.29820083428578725
2021-01-10,2021-05-30,0.5601492741831425
2021-01-10,2021-06-03,0.2210534128564814
2021-01-10,2021-06-07,0.048966448800596196
2021-01-10,2021-06-11,0.10697491342473975
2021-01-10,2021-06-15,0.45435839506359965
2021-01-10,2021-06-19,0.1038453767957539
2021-01-10,2021-06-23,0.2770441516052623
2021-01-10,2021-06-27,0.8120673696970175
2021-01-10,2021-07-01,0.7680921334820832
2021-01-10,2021-07-05,7.790317787226275e-05
2021-01-10,2021-07-09,0.6125144788329828
2021-01-10,2021-07-13,0.005771286744801318
2021-01-10,2021-07-17,0.6161793779152163
2021-01-10,2021-07-21,0.019203666046086698
2021-01-10,2021-07-25,0.48075793019303903
2021-01-10,2021-07-29,0.7579501645513186
2021-01-10,2021-08-02,0.4374334730231878
2021-01-10,2021-08-06,0.3539062225254147
2021-01-10,2021-08-10,0.31706579275111635
2021-01-10,2021-08-14,0.022813867408003174
2021-01-10,2021-08-18,0.7919596296541932
2021-01-10,2021-08-22,0.3832628886822578
2021-01-10,2021-08-26,0.17462980684184903
2021-01-10,2021-08-30,0.30447216529523335
2021-01-10,2021-09-03,0.8888931847738419
2021-01-14,2021-01-18,0.47663804154924283
2021-01-14,2021-01-22,0.12652268177252135
2021-01-14,2021-01-26,0.15735045355081934
2021-01-14,2021-01-30,0.14736484526197624
2021-01-14,2021-02-03,0.5331845592840079
2021-01-14,2021-02-07,0.8049692570467751
2021-01-14,2021-02-11,0.9894172831228861
2021-01-14,2021-02-15,0.7377279080379268
2021-01-14,2021-02-19,0.5198531189476613
2021-01-14,2021-02-23,0.7882838342280455
2021-01-14,2021-02-27,0.19890300182523613
2021-01-14,2021-03-03,0.686968917787881
2021-01-14,2021-03-07,0.900536250642817
2021-01-14,2021-03-11,0.5286926710642657
2021-01-14,2021-03-15,0.669097742287518
2021-01-14,2021-03-19,0.8745044890249511
2021-01-14,2021-03-23,0.7434508943129658
2021-01-14,2021-03-27,0.30607842945906705
2021-01-14,2021-03-31,0.8037151868220456
2021-01-14,2021-04-04,0.661451228190162
2021-01-14,2021-04-08,0.6616546018873701
2021-01-14,2021-04-12,0.4211631985039883
2021-01-14,2021-04-16,0.580738921599625
2021-01-14,2021-04-20,0.9210306048950946
2021-01-14,2021-04-24,0.5336209681550684
2021-01-14,2021-04-28,0.5479785954384568
2021-01-14,2021-05-02,0.25652130522574534
2021-01-14,2021-05-06,0.7335914666946338
2021-01-14,2021-05-10,0.47649424971261245
2021-01-14,2021-05-14,0.6978628927725661
2021-01-14,2021-05-18,0.9707447705794948
2021-01-14,2021-05-22,0.8607622156833291
2021-01-14,2021-05-26,0.0771259373095835
2021-01-14,2021-05-30,0.789291825932126
2021-01-14,2021-06-03,0.31211883813452024
2021-01-14,2021-06-07,0.10943955628740043
2021-01-14,2021-06-11,0.2827057054309462
2021-01-14,2021-06-15,0.5173334119972287
2021-01-14,2021-06-19,0.7786892829466959
2021-01-14,2021-06-23,0.8879188373177378
2021-01-14,2021-06-27,0.8102267895437391
2021-01-14,2021-07-01,0.6435817174506127
2021-01-14,2021-07-05,0.4651211501431761
2021-01-14,2021-07-09,0.11259052353362098
2021-01-14,2021-07-13,0.2870352081033254
2021-01-14,2021-07-17,0.8665422977313181
2021-01-14,2021-07-21,0.4199606394102364
2021-01-14,2021-07-25,0.872661977964643
2021-01-14,2021-07-29,0.7661802058614681
2021-01-14,2021-08-02,0.4678714057014951
2021-01-14,2021-08-06,0.2594431012990839
2021-01-14,2021-08-10,0.932889064791071
2021-01-14,2021-08-14,0.6888881905500058
2021-01-14,2021-08-18,0.9067577071023382
2021-01-14,2021-08-22,0.25201331073724775
2021-01-14,2021-08-26,0.23517030168696773
2021-01-14,2021-08-30,0.7050652079826197
2021-01-14,2021-09-03,0.9153417498616249
2021-01-18,2021-01-22,0.09443551102029035
2021-01-18,2021-01-26,0.24820518878008613
2021-01-18,2021-01-30,0.62943035821744
2021-01-18,2021-02-03,0.47643677029051534
2021-01-18,2021-02-07,0.44137920987081813
2021-01-18,2021-02-11,0.734740293142498
2021-01-18,2021-02-15,0.1028533500612746
2021-01-18,2021-02-19,0.22578526526497344
2021-01-18,2021-02-23,0.06248386194758404
2021-01-18,2021-02-27,0.9726421401709314
2021-01-18,2021-03-03,0.9379763533660561
2021-01-18,2021-03-07,0.9123064511246832
2021-01-18,2021-03-11,0.9476286905245791
2021-01-18,2021-03-15,0.4426436343993323
2021-01-18,2021-03-19,0.33478985917645576
2021-01-18,2021-03-23,0.16214775768051737
2021-01-18,2021-03-27,0.2364918037114726
2021-01-18,2021-03-31,0.422612065677361
2021-01-18,2021-04-04,0.3435116685199766
2021-01-18,2021-04-08,0.9109663928897821
2021-01-18,2021-04-12,0.6605378173512741
2021-01-18,2021-04-16,0.9454840661393387
2021-01-18,2021-04-20,0.5755268867917446
2021-01-18,2021-04-24,0.06438695097013136
2021-01-18,2021-04-28,0.19443005386833123
2021-01-18,2021-05-02,0.25975458636183835
2021-01-18,2021-05-06,0.7018716832687719
2021-01-18,2021-05-10,0.7012303621275844
2021-01-18,2021-05-14,0.8839306883344895
2021-01-18,2021-05-18,0.5732756515026334
2021-01-18,2021-05-22,0.8893453542218501
2021-01-18,2021-05-26,0.0026959829109124422
2021-01-18,2021-05-30,0.13366956851996448
2021-01-18,2021-06-03,0.11668079739464987
2021-01-18,2021-06-07,0.1884328318121532
2021-01-18,2021-06-11,0.47064923300126504
2021-01-18,2021-06-15,0.5944484444764737
2021-01-18,2021-06-19,0.987392874811585
2021-01-18,2021-06-23,0.7944193761942565
2021-01-18,2021-06-27,0.5258776329344752
2021-01-18,2021-07-01,0.3347017067362593
2021-01-18,2021-07-05,0.541594664298998
2021-01-18,2021-07-09,0.988929412566488
2021-01-18,2021-07-13,0.6970242780976539
2021-01-18,2021-07-17,0.3422996954699624
2021-01-18,2021-07-21,0.3604550229024863
2021-01-18,2021-07-25,0.40866910737075723
2021-01-18,2021-07-29,0.9321276677120196
2021-01-18,2021-08-02,0.6332117590123243
2021-01-18,2021-08-06,0.7780703376794786
2021-01-18,2021-08-10,0.03679751169406953
2021-01-18,2021-08-14,0.4110574557046205
2021-01-18,2021-08-18,0.6363846172925619
2021-01-18,2021-08-22,0.5004256084277737
2021-01-18,2021-08-26,0.44037439885688345
2021-01-18,2021-08-30,0.7626191979685646
2021-01-18,2021-09-03,0.025015225116244655
2021-01-22,2021-01-26,0.980637159058107
2021-01-22,2021-01-30,0.732519523538604
2021-01-22,2021-02-03,0.11132736387036613
2021-01-22,2021-02-07,0.7448807847423974
2021-01-22,2021-02-11,0.10602329138544098
2021-01-22,2021-02-15,0.6853642327782806
2021-01-22,2021-02-19,0.9439150892948529
2021-01-22,2021-02-23,0.07138571576293629
2021-01-22,2021-02-27,0.2717262612828458
2021-01-22,2021-03-03,0.8595319245287989
2021-01-22,2021-03-07,0.9995688459598139
2021-01-22,2021-03-11,0.4461902050434078
2021-01-22,2021-03-15,0.36860936922289167
2021-01-22,2021-03-19,0.8780166779078619
2021-01-22,2021-03-23,0.7981875854254947
2021-01-22,2021-03-27,0.9136113497531752
2021-01-22,2021-03-31,0.8041996931031961
2021-01-22,2021-04-04,0.15457746840813602
2021-01-22,2021-04-08,0.17158191884325846
2021-01-22,2021-04-12,0.7884770106041481
2021-01-22,2021-04-16,0.3589996056592689
2021-01-22,2021-04-20,0.9032596445263571
2021-01-22,2021-04-24,0.6257428622510259
2021-01-22,2021-04-28,0.7536190056138617
2021-01-22,2021-05-02,0.5568037504314117
2021-01-22,2021-05-06,0.41891730246966763
2021-01-22,2021-05-10,0.8022077377111293
2021-01-22,2021-05-14,0.9205989596186178
2021-01-22,2021-05-18,0.40415303440947303
2021-01-22,2021-05-22,0.4421100477688884
2021-01-22,2021-05-26,0.9501413489428481
2021-01-22,2021-05-30,0.48165139562670056
2021-01-22,2021-06-03,0.3526153756260666
2021-01-22,2021-06-07,0.7541917316114579
2021-01-22,2021-06-11,0.2749746777255533
2021-01-22,2021-06-15,0.04807587589060336
2021-01-22,2021-06-19,0.5143011064618481
2021-01-22,2021-06-23,0.2775777071575938
2021-01-22,2021-06-27,0.9182856435173659
2021-01-22,2021-07-01,0.543952899886141
2021-01-22,2021-07-05,0.01971842919967315
2021-01-22,2021-07-09,0.6946948212666503
2021-01-22,2021-07-13,0.0055127633815603705
2021-01-22,2021-07-17,0.6432434007692832
2021-01-22,2021-07-21,0.4766085899688879
2021-01-22,2021-07-25,0.4780214493020759
2021-01-22,2021-07-29,0.8538419944095058
2021-01-22,2021-08-02,0.7354873012006409
2021-01-22,2021-08-06,0.6653158092648555
2021-01-22,2021-08-10,0.13217700194039572
2021-01-22,2021-08-14,0.13079640118016522
2021-01-22,2021-08-18,0.9268874605401873
2021-01-22,2021-08-22,0.26391579348259175
2021-01-22,2021-08-26,0.9509985176393194
2021-01-22,2021-08-30,0.41580844264831673
2021-01-22,2021-09-03,0.9597153414770517
2021-01-26,2021-01-30,0.6695421013061618
2021-01-26,2021-02-03,0.34199757140844667
2021-01-26,2021-02-07,0.5487582894497747
2021-01-26,2021-02-11,0.5509014199543003
2021-01-26,2021-02-15,0.7555047238599774
2021-01-26,2021-02-19,0.1348512745329814
2021-01-26,2021-02-23,0.19227769605464373
2021-01-26,2021-02-27,0.7433193422571196
2021-01-26,2021-03-03,0.677737771850621
2021-01-26,2021-03-07,0.2638247558415191
2021-01-26,2021-03-11,0.8156657872019352
2021-01-26,2021-03-15,0.9241163301842185
2021-01-26,2021-03-19,0.4281177377575739
2021-01-26,2021-03-23,0.009749621748208481
2021-01-26,2021-03-27,0.04175354467777059
2021-01-26,2021-03-31,0.6422466099363917
2021-01-26,2021-04-04,0.11332008702038443
2021-01-26,2021-04-08,0.7052365256503905
2021-01-26,2021-04-12,0.8391007802692119
2021-01-26,2021-04-16,0.3840770396986789
2021-01-26,2021-04-20,0.5162608390306577
2021-01-26,2021-04-24,0.31421803439353946
2021-01-26,2021-04-28,0.29315495362899835
2021-01-26,2021-05-02,0.3876265103990646
2021-01-26,2021-05-06,0.009334291154283525
2021-01-26,2021-05-10,0.16628036236554833
2021-01-26,2021-05-14,0.3665080968933545
2021-01-26,2021-05-18,0.15992153059601344
2021-01-26,2021-05-22,0.9340514783819128
2021-01-26,2021-05-26,0.4826521842133549
2021-01-26,2021-05-30,0.725936638889119
2021-01-26,2021-06-03,0.5034227474845845
2021-01-26,2021-06-07,0.9993108816428469
2021-01-26,2021-06-11,0.1003037479516331
2021-01-26,2021-06-15,0.41211543927361716
2021-01-26,2021-06-19,0.055701874398136564
2021-01-26,2021-06-23,0.5467327398414791
2021-01-26,2021-06-27,0.766203461137987
2021-01-26,2021-07-01,0.24695826872779403
2021-01-26,2021-07-05,0.49539173346380816
2021-01-26,2021-07-09,0.4406167679249997
2021-01-26,2021-07-13,0.4484268906423797
2021-01-26,2021-07-17,0.6547032400125529
2021-01-26,2021-07-21,0.10920857836851361
2021-01-26,2021-07-25,0.9730708730127823
2021-01-26,2021-07-29,0.33985665705988366
2021-01-26,2021-08-02,0.3568517161949828
2021-01-26,2021-08-06,0.5874325477347981
2021-01-26,2021-08-10,0.6882063947232296
2021-01-26,2021-08-14,0.2252946408370481
2021-01-26,2021-08-18,0.03150458818792212
2021-01-26,2021-08-22,0.8134412814500257
2021-01-26,2021-08-26,0.9179857674269524
2021-01-26,2021-08-30,0.6684449763469156
2021-01-26,2021-09-03,0.8292303869321256
2021-01-30,2021-02-03,0.924095630520888
2021-01-30,2021-02-07,0.48771426461001965
2021-01-30,2021-02-11,0.691755167723068
2021-01-30,2021-02-15,0.6139159817606349
2021-01-30,2021-02-19,0.1101341890160924
2021-01-30,2021-02-23,0.3552720821369366
2021-01-30,2021-02-27,0.5927660981222128
2021-01-30,2021-03-03,0.5408027124138721
2021-01-30,2021-03-07,0.8463020658988002
2021-01-30,2021-03-11,0.4012846160113659
2021-01-30,2021-03-15,0.8255755065841466
2021-01-30,2021-03-19,0.4063920229680419
2021-01-30,2021-03-23,0.16031859005627092
2021-01-30,2021-03-27,0.08851804563215293
2021-01-30,2021-03-31,0.8412718391815803
2021-01-30,2021-04-04,0.8238592551373544
2021-01-30,2021-04-08,0.1687256074571417
2021-01-30,2021-04-12,0.7022821440435265
2021-01-30,2021-04-16,0.222641601642933
2021-01-30,2021-04-20,0.26606242087746146
2021-01-30,2021-04-24,0.8979912037072129
2021-01-30,2021-04-28,0.755021790350997
2021-01-30,2021-05-02,0.6108718641656222
2021-01-30,2021-05-06,0.705522781995184
2021-01-30,2021-05-10,0.9960295441917782
2021-01-30,2021-05-14,0.16075119856991538
2021-01-30,2021-05-18,0.2975762601482054
2021-01-30,2021-05-22,0.17287803801810375
2021-01-30,2021-05-26,0.3383557216208716
2021-01-30,2021-05-30,0.3298028186007811
2021-01-30,2021-06-03,0.8974742751336716
2021-01-30,2021-06-07,0.5624326850439972
2021-01-30,2021-06-11,0.8446442277062367
2021-01-30,2021-06-15,0.5821527056446757
2021-01-30,2021-06-19,0.6362331000305673
2021-01-30,2021-06-23,0.9444498577969767
2021-01-30,2021-06-27,0.4491182739098727
2021-01-30,2021-07-01,0.3615083821252201
2021-01-30,2021-07-05,0.7318214010745518
2021-01-30,2021-07-09,0.9925004180397072
2021-01-30,2021-07-13,0.9529735243281907
2021-01-30,2021-07-17,0.4293663445349205
2021-01-30,2021-07-21,0.8776692668549887
2021-01-30,2021-07-25,0.05463072098576516
2021-01-30,2021-07-29,0.9876763034498885
2021-01-30,2021-08-02,0.00812905343948278
2021-01-30,2021-08-06,0.9566646690684023
2021-01-30,2021-08-10,0.8323676723524821
2021-01-30,2021-08-14,0.6089608420660292
2021-01-30,2021-08-18,0.8282365789745888
2021-01-30,2021-08-22,0.9570025489974232
2021-01-30,2021-08-26,0.66921698390774
2021-01-30,2021-08-30,0.8286468959313489
2021-01-30,2021-09-03,0.7768403042898269
2021-02-03,2021-02-07,0.9344807533077456
2021-02-03,2021-02-11,0.18561991432199032
2021-02-03,2021-02-15,0.3184974665152871
2021-02-03,2021-02-19,0.967521600009562
2021-02-03,2021-02-23,0.4773430397920281
2021-02-03,2021-02-27,0.6619322078579427
2021-02-03,2021-03-03,0.7880350863986608
2021-02-03,2021-03-07,0.48396673841639537
2021-02-03,2021-03-11,0.9386231686498334
2021-02-03,2021-03-15,0.6067686509075157
2021-02-03,2021-03-19,0.569193499301514
2021-02-03,2021-03-23,0.3346845885310865
2021-02-03,2021-03-27,0.7874384250587948
2021-02-03,2021-03-31,0.020529319783983868
2021-02-03,2021-04-04,0.6817912598912726
2021-02-03,2021-04-08,0.12000156819078545
2021-02-03,2021-04-12,0.3777017761028252
2021-02-03,2021-04-16,0.13192380596380393
2021-02-03,2021-04-20,0.1692860614050431
2021-02-03,2021-04-24,0.17773026723128083
2021-02-03,2021-04-28,0.5626187179078778
2021-02-03,2021-05-02,0.7329418941768944
2021-02-03,2021-05-06,0.3905105241364908
2021-02-03,2021-05-10,0.509832065994437
2021-02-03,2021-05-14,0.9831946994643271
2021-02-03,2021-05-18,0.8073922656492027
2021-02-03,2021-05-22,0.32491061874300853
2021-02-03,2021-05-26,0.5752156756376264
2021-02-03,2021-05-30,0.17979629434345135
2021-02-03,2021-06-03,0.3860043930748559
2021-02-03,2021-06-07,0.006663247871685041
2021-02-03,2021-06-11,0.7346070352608058
2021-02-03,2021-06-15,0.5112812412863524
2021-02-03,2021-06-19,0.9495285892120331
2021-02-03,2021-06-23,0.978607513403402
2021-02-03,2021-06-27,0.11723494827575498
2021-02-03,2021-07-01,0.8210998001699811
2021-02-03,2021-07-05,0.4110936459875957
2021-02-03,2021-07-09,0.202226984903636
2021-02-03,2021-07-13,0.9411229487376335
2021-02-03,2021-07-17,0.5437147688438106
2021-02-03,2021-07-21,0.28804494983812834
2021-02-03,2021-07-25,0.09636036506290391
2021-02-03,2021-07-29,0.8530112692549013
2021-02-03,2021-08-02,0.358392587800585
2021-02-03,2021-08-06,0.4961685883842426
2021-02-03,2021-08-10,0.6651681231299541
2021-02-03,2021-08-14,0.44926210064622984
2021-02-03,2021-08-18,0.8369531024166006
2021-02-03,2021-08-22,0.6974060468392376
2021-02-03,2021-08-26,0.49747760052136714
2021-02-03,2021-08-30,0.9458681440399341
2021-02-03,2021-09-03,0.2802259141851905
2021-02-07,2021-02-11,0.933079970001595
2021-02-07,2021-02-15,0.63119866927829
2021-02-07,2021-02-19,0.6487088276341837
2021-02-07,2021-02-23,0.515980172226207
2021-02-07,2021-02-27,0.2778596601815011
2021-02-07,2021-03-03,0.9687491959508844
2021-02-07,2021-03-07,0.7937256571720392
2021-02-07,2021-03-11,0.9755782311010777
2021-02-07,2021-03-15,0.4237943126164022
2021-02-07,2021-03-19,0.21592207242262418
2021-02-07,2021-03-23,0.7410485560992879
2021-02-07,2021-03-27,0.9418658752223618
2021-02-07,2021-03-31,0.7129386025881606
2021-02-07,2021-04-04,0.7682406916121766
2021-02-07,2021-04-08,0.6011133330385734
2021-02-07,2021-04-12,0.01175063318018943
2021-02-07,2021-04-16,0.10195942319972573
2021-02-07,2021-04-20,0.9868581369267815
2021-02-07,2021-04-24,0.30803468106145615
2021-02-07,2021-04-28,0.126249188359285
2021-02-07,2021-05-02,0.4609107510767786
2021-02-07,2021-05-06,0.10678851927612798
2021-02-07,2021-05-10,0.057531618310181165
2021-02-07,2021-05-14,0.1551455275139717
2021-02-07,2021-05-18,0.0019205530167479834
2021-02-07,2021-05-22,0.3651433145648084
2021-02-07,2021-05-26,0.45861985958436247
2021-02-07,2021-05-30,0.5455837968737361
2021-02-07,2021-06-03,0.33744999220985183
2021-02-07,2021-06-07,0.8366974268750395
2021-02-07,2021-06-11,0.6744947389583302
2021-02-07,2021-06-15,0.4486115621818947
2021-02-07,2021-06-19,0.6907452927410866
2021-02-07,2021-06-23,0.5246379838367489
2021-02-07,2021-06-27,0.6750460685261763
2021-02-07,2021-07-01,0.18183489680418807
2021-02-07,2021-07-05,0.6920202851670212
2021-02-07,2021-07-09,0.05150111856797268
2021-02-07,2021-07-13,0.2743897451572114
2021-02-07,2021-07-17,0.1264305757262758
2021-02-07,2021-07-21,0.21170006012891385
2021-02-07,2021-07-25,0.17860242424494888
2021-02-07,2021-07-29,0.6441760157222556
2021-02-07,2021-08-02,0.4085254858723181
2021-02-07,2021-08-06,0.8778740791038544
2021-02-07,2021-08-10,0.9486582296697378
2021-02-07,2021-08-14,0.6563776650351103
2021-02-07,2021-08-18,0.5860151114465222
2021-02-07,2021-08-22,0.7127941145442455
2021-02-07,2021-08-26,0.4943544983443623
2021-02-07,2021-08-30,0.6488432819966891
2021-02-07,2021-09-03,0.7908570564383806
2021-02-11,2021-02-15,0.4185510938143402
2021-02-11,2021-02-19,0.1530976750823686
2021-02-11,2021-02-23,0.052527729882582475
2021-02-11,2021-02-27,0.2904187026052659
2021-02-11,2021-03-03,0.07718511801691219
2021-02-11,2021-03-07,0.7545366492514342
2021-02-11,2021-03-11,0.3363640983998438
2021-02-11,2021-03-15,0.5718461991157302
2021-02-11,2021-03-19,0.007004525071752532
2021-02-11,2021-03-23,0.14790462037434782
2021-02-11,2021-03-27,0.08860181609901174
2021-02-11,2021-03-31,0.04286964232862556
2021-02-11,2021-04-04,0.19928907821410513
2021-02-11,2021-04-08,0.8483856923917205
2021-02-11,2021-04-12,0.7301136717691907
2021-02-11,2021-04-16,0.5430982078538418
2021-02-11,2021-04-20,0.4765103099347364
2021-02-11,2021-04-24,0.5396921908891273
2021-02-11,2021-04-28,0.7730033863086747
2021-02-11,2021-05-02,0.5243266550452553
2021-02-11,2021-05-06,0.5915271235973125
2021-02-11,2021-05-10,0.5612406942858374
2021-02-11,2021-05-14,0.8577630347105399
2021-02-11,2021-05-18,0.48320108809372186
2021-02-11,2021-05-22,0.13206491085299676
2021-02-11,2021-05-26,0.5042709481096302
2021-02-11,2021-05-30,0.6121110619450217
2021-02-11,2021-06-03,0.16437762690014845
2021-02-11,2021-06-07,0.13636585308872373
2021-02-11,2021-06-11,0.5608444443681421
2021-02-11,2021-06-15,0.6284797472600759
2021-02-11,2021-06-19,0.676743601492593
2021-02-11,2021-06-23,0.4533693136084701
2021-02-11,2021-06-27,0.9558581781436681
2021-02-11,2021-07-01,0.37634240881427294
2021-02-11,2021-07-05,0.7509185452109907
2021-02-11,2021-07-09,0.7748498395269297
2021-02-11,2021-07-13,0.2032156340351131
2021-02-11,2021-07-17,0.8772832010057007
2021-02-11,2021-07-21,0.45394984819767026
2021-02-11,2021-07-25,0.7009612048369392
2021-02-11,2021-07-29,0.9750791025028337
2021-02-11,2021-08-02,0.24826515496721346
2021-02-11,2021-08-06,0.9549342596143606
2021-02-11,2021-08-10,0.7495888159116054
2021-02-11,2021-08-14,0.7354747940745666
2021-02-11,2021-08-18,0.4070857038959679
2021-02-11,2021-08-22,0.48448692327641085
2021-02-11,2021-08-26,0.1905252200406028
2021-02-11,2021-08-30,0.4340230356879372
2021-02-11,2021-09-03,0.5959432810230216
2021-02-15,2021-02-19,0.2422452024188726
2021-02-15,2021-02-23,0.3469802121820811
2021-02-15,2021-02-27,0.029743622589065488
2021-02-15,2021-03-03,0.21368178692737305
2021-02-15,2021-03-07,0.737109281428249
2021-02-15,2021-03-11,0.20508565953298608
2021-02-15,2021-03-15,0.9452538224326712
2021-02-15,2021-03-19,0.6949218216462338
2021-02-15,2021-03-23,0.8666657080905237
2021-02-15,2021-03-27,0.7847655124972382
2021-02-15,2021-03-31,0.17411575939053558
2021-02-15,2021-04-04,0.028902077146235605
2021-02-15,2021-04-08,0.8279054161946259
2021-02-15,2021-04-12,0.01810443116788507
2021-02-15,2021-04-16,0.9246534471364146
2021-02-15,2021-04-20,0.17229702712366346
2021-02-15,2021-04-24,0.8899727126830796
2021-02-15,2021-04-28,0.2412000969321495
2021-02-15,2021-05-02,0.7261439402063252
2021-02-15,2021-05-06,0.6786814895851822
2021-02-15,2021-05-10,0.5417831848791057
2021-02-15,2021-05-14,0.8618812568777917
2021-02-15,2021-05-18,0.6920337819871409
2021-02-15,2021-05-22,0.1298761462274326
2021-02-15,2021-05-26,0.6346688064163433
2021-02-15,2021-05-30,0.5616139691215059
2021-02-15,2021-06-03,0.2701752539473544
2021-02-15,2021-06-07,0.2345524943331253
2021-02-15,2021-06-11,0.9412145378357455
2021-02-15,2021-06-15,0.7385258620912364
2021-02-15,2021-06-19,0.2809079040754201
2021-02-15,2021-06-23,0.8109813114119065
2021-02-15,2021-06-27,0.08937892775634693
2021-02-15,2021-07-01,0.8392368294174225
2021-02-15,2021-07-05,0.1190062612177063
2021-02-15,2021-07-09,0.42715004955800095
2021-02-15,2021-07-13,0.9968531512675761
2021-02-15,2021-07-17,0.16001519136196507
2021-02-15,2021-07-21,0.7961051130643086
2021-02-15,2021-07-25,0.49857055222392943
2021-02-15,2021-07-29,0.12698019725731502
2021-02-15,2021-08-02,0.5144095709866094
2021-02-15,2021-08-06,0.6677679543887128
2021-02-15,2021-08-10,0.5135697552168268
2021-02-15,2021-08-14,0.8569219460438608
2021-02-15,2021-08-18,0.5838095830193041
2021-02-15,2021-08-22,0.7778298288868569
2021-02-15,2021-08-26,0.01855175659059194
2021-02-15,2021-08-30,0.47880910022849843
2021-02-15,2021-09-03,0.26268934917577447
2021-02-19,2021-02-23,0.5764700458719282
2021-02-19,2021-02-27,0.5170946936149331
2021-02-19,2021-03-03,0.18172399801515793
2021-02-19,2021-03-07,0.26032202948207084
2021-02-19,2021-03-11,0.6257430618370314
2021-02-19,2021-03-15,0.794696025866384
2021-02-19,2021-03-19,0.6804688942442534
2021-02-19,2021-03-23,0.43239332733127667
2021-02-19,2021-03-27,0.23504244001758712
2021-02-19,2021-03-31,0.23288385136010126
2021-02-19,2021-04-04,0.25316862091602643
2021-02-19,2021-04-08,0.9794762643779492
2021-02-19,2021-04-12,0.0012972096951311407
2021-02-19,2021-04-16,0.10489814357596694
2021-02-19,2021-04-20,0.6281400191272429
2021-02-19,2021-04-24,0.42805067169465993
2021-02-19,2021-04-28,0.9205563469791814
2021-02-19,2021-05-02,0.8916561483062884
2021-02-19,2021-05-06,0.5547358194222356
2021-02-19,2021-05-10,0.03279373716121414
2021-02-19,2021-05-14,0.4354608664738293
2021-02-19,2021-05-18,0.8697364881484818
2021-02-19,2021-05-22,0.21972400365046485
2021-02-19,2021-05-26,0.6503552796408753
2021-02-19,2021-05-30,0.6329624228952764
2021-02-19,2021-06-03,0.43822310136499665
2021-02-19,2021-06-07,0.7623724900560185
2021-02-19,2021-06-11,0.26956842135059145
2021-02-19,2021-06-15,0.5887041767473805
2021-02-19,2021-06-19,0.4025168104037349
2021-02-19,2021-06-23,0.21841725390166766
2021-02-19,2021-06-27,0.3908880263513439
2021-02-19,2021-07-01,0.6857124729339351
2021-02-19,2021-07-05,0.22691395876909237
2021-02-19,2021-07-09,0.8647208051782094
2021-02-19,2021-07-13,0.4511611190407965
2021-02-19,2021-07-17,0.37462570157377284
2021-02-19,2021-07-21,0.3295842382220254
2021-02-19,2021-07-25,0.2764401641262486
2021-02-19,2021-07-29,0.7796500554355273
2021-02-19,2021-08-02,0.9559830684419717
2021-02-19,2021-08-06,0.9274737712559673
2021-02-19,2021-08-10,0.7617110916247439
2021-02-19,2021-08-14,0.63428580433585
2021-02-19,2021-08-18,0.9275562941626625
2021-02-19,2021-08-22,0.8886380668484056
2021-02-19,2021-08-26,0.43960022436074075
2021-02-19,2021-08-30,0.10211507061348923
2021-02-19,2021-09-03,0.49163431241647637
2021-02-23,2021-02-27,0.24511403485985328
2021-02-23,2021-03-03,0.6713493523695753
2021-02-23,2021-03-07,0.15031721470853754
2021-02-23,2021-03-11,0.11456915070767026
2021-02-23,2021-03-15,0.18636405267786793
2021-02-23,2021-03-19,0.4166161130491287
2021-02-23,2021-03-23,0.2765233555105133
2021-02-23,2021-03-27,0.9612003753916972
2021-02-23,2021-03-31,0.1226446968454965
2021-02-23,2021-04-04,0.20442700099285505
2021-02-23,2021-04-08,0.8012889091520524
2021-02-23,2021-04-12,0.9254222814097398
2021-02-23,2021-04-16,0.9335781801715342
2021-02-23,2021-04-20,0.9656887822679917
2021-02-23,2021-04-24,0.7898127231453901
2021-02-23,2021-04-28,0.11328573332872871
2021-02-23,2021-05-02,0.30915780079818633
2021-02-23,2021-05-06,0.7100616007613936
2021-02-23,2021-05-10,0.1526475097807165
2021-02-23,2021-05-14,0.4991355036830536
2021-02-23,2021-05-18,0.3746199801170338
2021-02-23,2021-05-22,0.03919452345790775
2021-02-23,2021-05-26,0.1314571564244026
2021-02-23,2021-05-30,0.899914211823486
2021-02-23,2021-06-03,0.12236428565817714
2021-02-23,2021-06-07,0.6754565617478698
2021-02-23,2021-06-11,0.32895113253128416
2021-02-23,2021-06-15,0.6488557515210922
2021-02-23,2021-06-19,0.15522836951608188
2021-02-23,2021-06-23,0.8838120198914167
2021-02-23,2021-06-27,0.5989370107454048
2021-02-23,2021-07-01,0.9785267694964567
2021-02-23,2021-07-05,0.3619115911048423
2021-02-23,2021-07-09,0.9797652460566714
2021-02-23,2021-07-13,0.6976425502616109
2021-02-23,2021-07-17,0.5805529059553843
2021-02-23,2021-07-21,0.768220278099218
2021-02-23,2021-07-25,0.3671621656011276
2021-02-23,2021-07-29,0.08923957621638456
2021-02-23,2021-08-02,0.38124881539294286
2021-02-23,2021-08-06,0.5663000648274472
2021-02-23,2021-08-10,0.09478528379052142
2021-02-23,2021-08-14,0.8987199015323757
2021-02-23,2021-08-18,0.7700413458310782
2021-02-23,2021-08-22,0.04217020359572765
2021-02-23,2021-08-26,0.3763136307829602
2021-02-23,2021-08-30,0.20513560981345802
2021-02-23,2021-09-03,0.3314663215015692
2021-02-27,2021-03-03,0.050419349502709654
2021-02-27,2021-03-07,0.3403309273305356
2021-02-27,2021-03-11,0.966405149023674
2021-02-27,2021-03-15,0.7597226525806514
2021-02-27,2021-03-19,0.57543439183955
2021-02-27,2021-03-23,0.7335838295330982
2021-02-27,2021-03-27,0.2271911287540085
2021-02-27,2021-03-31,0.9265873884406797
2021-02-27,2021-04-04,0.06468487716011162
2021-02-27,2021-04-08,0.16020606078913846
2021-02-27,2021-04-12,0.4220106575641016
2021-02-27,2021-04-16,0.15906133181029192
2021-02-27,2021-04-20,0.8920658760989183
2021-02-27,2021-04-24,0.3699979406745241
2021-02-27,2021-04-28,0.5218172744855198
2021-02-27,2021-05-02,0.7474456029561146
2021-02-27,2021-05-06,0.31309912214891644
2021-02-27,2021-05-10,0.32646393050280786
2021-02-27,2021-05-14,0.2146860918894954
2021-02-27,2021-05-18,0.5629637404908894
2021-02-27,2021-05-22,0.0738084608241023
2021-02-27,2021-05-26,0.33423211580223067
2021-02-27,2021-05-30,0.04208354392598046
2021-02-27,2021-06-03,0.9557744982885868
2021-02-27,2021-06-07,0.36106011068827315
2021-02-27,2021-06-11,0.8179339798282949
2021-02-27,2021-06-15,0.7998667092898343
2021-02-27,2021-06-19,0.26612396546671024
2021-02-27,2021-06-23,0.013421715248842836
2021-02-27,2021-06-27,0.25824948738275566
2021-02-27,2021-07-01,0.9044228434746472
2021-02-27,2021-07-05,0.7704258716996433
2021-02-27,2021-07-09,0.3528744234611738
2021-02-27,2021-07-13,0.16373383597672564
2021-02-27,2021-07-17,0.8048495956677448
2021-02-27,2021-07-21,0.40517387726613896
2021-02-27,2021-07-25,0.14832865868307377
2021-02-27,2021-07-29,0.800367114687218
2021-02-27,2021-08-02,0.8520153037154563
2021-02-27,2021-08-06,0.2449470164913634
2021-02-27,2021-08-10,0.21500760279683606
2021-02-27,2021-08-14,0.0015145508289180487
2021-02-27,2021-08-18,0.35053729632591424
2021-02-27,2021-08-22,0.8997527641000671
2021-02-27,2021-08-26,0.42124391094417935
2021-02-27,2021-08-30,0.4112840303266392
2021-02-27,2021-09-03,0.43074120255425374
2021-03-03,2021-03-07,0.3384826269648378
2021-03-03,2021-03-11,0.22720301168094015
2021-03-03,2021-03-15,0.8833433398712974
2021-03-03,2021-03-19,0.4413111868105357
2021-03-03,2021-03-23,0.5823027300740043
2021-03-03,2021-03-27,0.9846623425818805
2021-03-03,2021-03-31,0.15467431248454278
2021-03-03,2021-04-04,0.9123906657489709
2021-03-03,2021-04-08,0.6278525376688269
2021-03-03,2021-04-12,0.007215606229015625
2021-03-03,2021-04-16,0.6730365518603879
2021-03-03,2021-04-20,0.26214120709991584
2021-03-03,2021-04-24,0.2219550671839473
2021-03-03,2021-04-28,0.7994671119251509
2021-03-03,2021-05-02,0.09888715180992913
2021-03-03,2021-05-06,0.3000812413670275
2021-03-03,2021-05-10,0.23313456147074052
2021-03-03,2021-05-14,0.798442652652896
2021-03-03,2021-05-18,0.8235247361034053
2021-03-03,2021-05-22,0.20646653276846982
2021-03-03,2021-05-26,0.029636416542430544
2021-03-03,2021-05-30,0.8942190094035113
2021-03-03,2021-06-03,0.30485192063461564
2021-03-03,2021-06-07,0.04737068359904717
2021-03-03,2021-06-11,0.9479250177982967
2021-03-03,2021-06-15,0.2377107383595607
2021-03-03,2021-06-19,0.6062980962290782
2021-03-03,2021-06-23,0.4504886054196562
2021-03-03,2021-06-27,0.6628860570203369
2021-03-03,2021-07-01,0.29643995381358734
2021-03-03,2021-07-05,0.5088163317700597
2021-03-03,2021-07-09,0.5061179134978552
2021-03-03,2021-07-13,0.48148398777209334
2021-03-03,2021-07-17,0.09614811486213282
2021-03-03,2021-07-21,0.12777920276115895
2021-03-03,2021-07-25,0.372000310592528
2021-03-03,2021-07-29,0.00715157404436062
2021-03-03,2021-08-02,0.03419632951071394
2021-03-03,2021-08-06,0.4539543783885279
2021-03-03,2021-08-10,0.5240556591400667
2021-03-03,2021-08-14,0.8298541967547982
2021-03-03,2021-08-18,0.5047924536818271
2021-03-03,2021-08-22,0.6772863234745283
2021-03-03,2021-08-26,0.4721492054515033
2021-03-03,2021-08-30,0.3440174111943731
2021-03-03,2021-09-03,0.6097681259718735
2021-03-07,2021-03-11,0.29595188923106386
2021-03-07,2021-03-15,0.01138768891627373
2021-03-07,2021-03-19,0.2945018860895807
2021-03-07,2021-03-23,0.37220762519819495
2021-03-07,2021-03-27,0.5451108308361371
2021-03-07,2021-03-31,0.3328621244784866
2021-03-07,2021-04-04,0.14612005297987696
2021-03-07,2021-04-08,0.4543057740822475
2021-03-07,2021-04-12,0.47218372634724926
2021-03-07,2021-04-16,0.877249742216338
2021-03-07,2021-04-20,0.05946252706147992
2021-03-07,2021-04-24,0.007067271409474052
2021-03-07,2021-04-28,0.44355722064244496
2021-03-07,2021-05-02,0.530665584379527
2021-03-07,2021-05-06,0.8743746564467694
2021-03-07,2021-05-10,0.37730894853999897
2021-03-07,2021-05-14,0.454121661377077
2021-03-07,2021-05-18,0.37214935320680076
2021-03-07,2021-05-22,0.4456029059953087
2021-03-07,2021-05-26,0.3959060393207846
2021-03-07,2021-05-30,0.8797642066576133
2021-03-07,2021-06-03,0.6047772365669855
2021-03-07,2021-06-07,0.9041686702805709
2021-03-07,2021-06-11,0.3701606075687883
2021-03-07,2021-06-15,0.16674625991697267
2021-03-07,2021-06-19,0.1773390417753956
2021-03-07,2021-06-23,0.3401328702417139
2021-03-07,2021-06-27,0.5856597313374396
2021-03-07,2021-07-01,0.38284096915936716
2021-03-07,2021-07-05,0.0019052516388329277
2021-03-07,2021-07-09,0.5638089934884146
2021-03-07,2021-07-13,0.16966503677419809
2021-03-07,2021-07-17,0.45613092152228474
2021-03-07,2021-07-21,0.5497183556170206
2021-03-07,2021-07-25,0.08006095655921852
2021-03-07,2021-07-29,0.8228132586592706
2021-03-07,2021-08-02,0.40281807929739244
2021-03-07,2021-08-06,0.47493405195748817
2021-03-07,2021-08-10,0.25828636020704443
2021-03-07,2021-08-14,0.6545516342422152
2021-03-07,2021-08-18,0.6416375588255835
2021-03-07,2021-08-22,0.6087845657063299
2021-03-07,2021-08-26,0.20449466388825033
2021-03-07,2021-08-30,0.013738749876208933
2021-03-07,2021-09-03,0.26384994890196767
2021-03-11,2021-03-15,0.37464615132049817
2021-03-11,2021-03-19,0.6422425572160232
2021-03-11,2021-03-23,0.6463691113552802
2021-03-11,2021-03-27,0.1587236523164146
2021-03-11,2021-03-31,0.9170616967115977
2021-03-11,2021-04-04,0.08882914574281553
2021-03-11,2021-04-08,0.44446011524328355
2021-03-11,2021-04-12,0.9114774571682593
2021-03-11,2021-04-16,0.22347839814453097
2021-03-11,2021-04-20,0.4030888001081492
2021-03-11,2021-04-24,0.5675322573129995
2021-03-11,2021-04-28,0.6912873990512233
2021-03-11,2021-05-02,0.23445617714289968
2021-03-11,2021-05-06,0.42973957958654685
2021-03-11,2021-05-10,0.8504626902518853
2021-03-11,2021-05-14,0.3013919497059826
2021-03-11,2021-05-18,0.45354562329592196
2021-03-11,2021-05-22,0.7682550967951262
2021-03-11,2021-05-26,0.20930707686505667
2021-03-11,2021-05-30,0.03496424017965272
2021-03-11,2021-06-03,0.5180654099916234
2021-03-11,2021-06-07,0.03974644560436236
2021-03-11,2021-06-11,0.8569144027323764
2021-03-11,2021-06-15,0.04492581949502161
2021-03-11,2021-06-19,0.39234376951565086
2021-03-11,2021-06-23,0.2623242397931501
2021-03-11,2021-06-27,0.37248252145934857
2021-03-11,2021-07-01,0.2884971051264421
2021-03-11,2021-07-05,0.6988008754163221
2021-03-11,2021-07-09,0.7236461084972069
2021-03-11,2021-07-13,0.9573717043999782
2021-03-11,2021-07-17,0.37861068459873926
2021-03-11,2021-07-21,0.41039545157344515
2021-03-11,2021-07-25,0.8212984858058774
2021-03-11,2021-07-29,0.6621109046721816
2021-03-11,2021-08-02,0.7118317239187401
2021-03-11,2021-08-06,0.8186497111700722
2021-03-11,2021-08-10,0.3045067696709174
2021-03-11,2021-08-14,0.3544250333230965
2021-03-11,2021-08-18,0.31643904932835654
2021-03-11,2021-08-22,0.023253876013639818
2021-03-11,2021-08-26,0.7485535654051009
2021-03-11,2021-08-30,0.76002564149667
2021-03-11,2021-09-03,0.4822899991362728
2021-03-15,2021-03-19,0.7700476897433944
2021-03-15,2021-03-23,0.542593185785967
2021-03-15,2021-03-27,0.7232516887565217
2021-03-15,2021-03-31,0.414436577707453
2021-03-15,2021-04-04,0.13301711686862838
2021-03-15,2021-04-08,0.7468583653187587
2021-03-15,2021-04-12,0.7753137018907046
2021-03-15,2021-04-16,0.8341544974191882
2021-03-15,2021-04-20,0.26035602151366666
2021-03-15,2021-04-24,0.1510766969774071
2021-03-15,2021-04-28,0.2407321067463143
2021-03-15,2021-05-02,0.8841932686350708
2021-03-15,2021-05-06,0.5907542051338855
2021-03-15,2021-05-10,0.7745819540573675
2021-03-15,2021-05-14,0.12273266506334835
2021-03-15,2021-05-18,0.5957985676756455
2021-03-15,2021-05-22,0.8612583852127813
2021-03-15,2021-05-26,0.830242288996334
2021-03-15,2021-05-30,0.08965564909700074
2021-03-15,2021-06-03,0.6364975308432095
2021-03-15,2021-06-07,0.8554952827187948
2021-03-15,2021-06-11,0.6482585683062648
2021-03-15,2021-06-15,0.6992627308959866
2021-03-15,2021-06-19,0.895529681300976
2021-03-15,2021-06-23,0.32251410427713456
2021-03-15,2021-06-27,0.6930367891110859
2021-03-15,2021-07-01,0.9461161002874886
2021-03-15,2021-07-05,0.014851325153014905
2021-03-15,2021-07-09,0.1063424940638682
2021-03-15,2021-07-13,0.07761079786219804
2021-03-15,2021-07-17,0.8163015457911469
2021-03-15,2021-07-21,0.42411265322745784
2021-03-15,2021-07-25,0.5592007468590386
2021-03-15,2021-07-29,0.7658532890103191
2021-03-15,2021-08-02,0.7426345442118011
2021-03-15,2021-08-06,0.6494406571503404
2021-03-15,2021-08-10,0.38732387208955144
2021-03-15,2021-08-14,0.900573156006893
2021-03-15,2021-08-18,0.6862682539316072
2021-03-15,2021-08-22,0.3828753100327946
2021-03-15,2021-08-26,0.4583581952902096
2021-03-15,2021-08-30,0.31638700603716174
2021-03-15,2021-09-03,0.6951478336248041
2021-03-19,2021-03-23,0.9013061752648956
2021-03-19,2021-03-27,0.4028392118272641
2021-03-19,2021-03-31,0.8003303856413779
2021-03-19,2021-04-04,0.4477934148236208
2021-03-19,2021-04-08,0.5379378387495085
2021-03-19,2021-04-12,0.9093761584340676
2021-03-19,2021-04-16,0.24060060447707055
2021-03-19,2021-04-20,0.03729679047180601
2021-03-19,2021-04-24,0.844201882989618
2021-03-19,2021-04-28,0.29389391084685457
2021-03-19,2021-05-02,0.7053744075227785
2021-03-19,2021-05-06,0.7219819989213172
2021-03-19,2021-05-10,0.8462477945972231
2021-03-19,2021-05-14,0.9339068126341763
2021-03-19,2021-05-18,0.18216418422105718
2021-03-19,2021-05-22,0.0847626078200131
2021-03-19,2021-05-26,0.903425171845603
2021-03-19,2021-05-30,0.5971675965720706
2021-03-19,2021-06-03,0.6387902634136645
2021-03-19,2021-06-07,0.28274103852632293
2021-03-19,2021-06-11,0.2248664746133704
2021-03-19,2021-06-15,0.42222549782591456
2021-03-19,2021-06-19,0.9279322134583757
2021-03-19,2021-06-23,0.5643215207281581
2021-03-19,2021-06-27,0.06820619054366417
2021-03-19,2021-07-01,0.744917270717804
2021-03-19,2021-07-05,0.05883801555611601
2021-03-19,2021-07-09,0.9408637812150615
2021-03-19,2021-07-13,0.6465504692465168
2021-03-19,2021-07-17,0.6771045768574213
2021-03-19,2021-07-21,0.351554170759642
2021-03-19,2021-07-25,0.5987879923535898
2021-03-19,2021-07-29,0.47644468981257937
2021-03-19,2021-08-02,0.23501308020710177
2021-03-19,2021-08-06,0.668887054164291
2021-03-19,2021-08-10,0.6864339424572686
2021-03-19,2021-08-14,0.46243609165590616
2021-03-19,2021-08-18,0.994593415845902
2021-03-19,2021-08-22,0.4692689906744144
2021-03-19,2021-08-26,0.4054693154564898
2021-03-19,2021-08-30,0.42813300127871323
2021-03-19,2021-09-03,0.7816484267845184
2021-03-23,2021-03-27,0.18358082407152154
2021-03-23,2021-03-31,0.36276825512390165
2021-03-23,2021-04-04,0.4206967479049807
2021-03-23,2021-04-08,0.9383141964501416
2021-03-23,2021-04-12,0.6083234022966812
2021-03-23,2021-04-16,0.8624264704501662
2021-03-23,2021-04-20,0.9791986942321054
2021-03-23,2021-04-24,0.5743436477337043
2021-03-23,2021-04-28,0.31530168793347524
2021-03-23,2021-05-02,0.1637705616607027
2021-03-23,2021-05-06,0.09336543121154395
2021-03-23,2021-05-10,0.7177548906364113
2021-03-23,2021-05-14,0.10510837980390997
2021-03-23,2021-05-18,0.12959095507655805
2021-03-23,2021-05-22,0.3737281032118679
2021-03-23,2021-05-26,0.7774364185489004
2021-03-23,2021-05-30,0.051771303727202955
2021-03-23,2021-06-03,0.38283803227296187
2021-03-23,2021-06-07,0.6301177317468271
2021-03-23,2021-06-11,0.5485025027939255
2021-03-23,2021-06-15,0.8945704342259438
2021-03-23,2021-06-19,0.9203580060827011
2021-03-23,2021-06-23,0.07620355189027517
2021-03-23,2021-06-27,0.47145470625122565
2021-03-23,2021-07-01,0.4748975629207626
2021-03-23,2021-07-05,0.056945933270621585
2021-03-23,2021-07-09,0.04749410183329916
2021-03-23,2021-07-13,0.5259184390596093
2021-03-23,2021-07-17,0.5904351161718856
2021-03-23,2021-07-21,0.9842960467065142
2021-03-23,2021-07-25,0.5046376770944286
2021-03-23,2021-07-29,0.7558680379600805
2021-03-23,2021-08-02,0.6534452424387774
2021-03-23,2021-08-06,0.9008948454594864
2021-03-23,2021-08-10,0.3715462332332562
2021-03-23,2021-08-14,0.6992900771969089
2021-03-23,2021-08-18,0.6362878880637726
2021-03-23,2021-08-22,0.345886355704243
2021-03-23,2021-08-26,0.3076652656944847
2021-03-23,2021-08-30,0.7943352556451027
2021-03-23,2021-09-03,0.3343275519383623
2021-03-27,2021-03-31,0.0020541446444513056
2021-03-27,2021-04-04,0.5420654352716906
2021-03-27,2021-04-08,0.38375465043041357
2021-03-27,2021-04-12,0.3871744179677241
2021-03-27,2021-04-16,0.18937504572572794
2021-03-27,2021-04-20,0.9779481533487285
2021-03-27,2021-04-24,0.6590695388750224
2021-03-27,2021-04-28,0.13377944767919203
2021-03-27,2021-05-02,0.28357845409279436
2021-03-27,2021-05-06,0.3563634493927189
2021-03-27,2021-05-10,0.8687640653420947
2021-03-27,2021-05-14,0.17611715969881903
2021-03-27,2021-05-18,0.8109129098798874
2021-03-27,2021-05-22,0.024574724710802798
2021-03-27,2021-05-26,0.9780207377665933
2021-03-27,2021-05-30,0.01654272081823116
2021-03-27,2021-06-03,0.48833020012457906
2021-03-27,2021-06-07,0.016045336248274422
2021-03-27,2021-06-11,0.8123044770278618
2021-03-27,2021-06-15,0.5931074596688309
2021-03-27,2021-06-19,0.053078708014102194
2021-03-27,2021-06-23,0.2735593143949454
2021-03-27,2021-06-27,0.04168671950101854
2021-03-27,2021-07-01,0.7269386326754586
2021-03-27,2021-07-05,0.17403444348415298
2021-03-27,2021-07-09,0.20782569252908079
2021-03-27,2021-07-13,0.26314428475978646
2021-03-27,2021-07-17,0.7868495351072591
2021-03-27,2021-07-21,0.13105931415507133
2021-03-27,2021-07-25,0.5168602993584334
2021-03-27,2021-07-29,0.9998773809706928
2021-03-27,2021-08-02,0.7476876475039727
2021-03-27,2021-08-06,0.5779436989015198
2021-03-27,2021-08-10,0.6010845174614821
2021-03-27,2021-08-14,0.7446474597373056
2021-03-27,2021-08-18,0.08960648651113823
2021-03-27,2021-08-22,0.6353483931211736
2021-03-27,2021-08-26,0.7540540635393855
2021-03-27,2021-08-30,0.48531364018343626
2021-03-27,2021-09-03,0.32791466896396726
2021-03-31,2021-04-04,0.9930333950948534
2021-03-31,2021-04-08,0.9308971323246403
2021-03-31,2021-04-12,0.11177441685005252
2021-03-31,2021-04-16,0.05848855857237212
2021-03-31,2021-04-20,0.4545936786845137
2021-03-31,2021-04-24,0.17378959611937572
2021-03-31,2021-04-28,0.5041978191002813
2021-03-31,2021-05-02,0.566257086552974
2021-03-31,2021-05-06,0.7813878176069775
2021-03-31,2021-05-10,0.023196061689272796
2021-03-31,2021-05-14,0.5667695086695634
2021-03-31,2021-05-18,0.5490743572649753
2021-03-31,2021-05-22,0.8731360508486337
2021-03-31,2021-05-26,0.11422072507836623
2021-03-31,2021-05-30,0.2999656040824692
2021-03-31,2021-06-03,0.21437822028127396
2021-03-31,2021-06-07,0.6769342128271635
2021-03-31,2021-06-11,0.28672308501572996
2021-03-31,2021-06-15,0.7636167901292895
2021-03-31,2021-06-19,0.9399284580274897
2021-03-31,2021-06-23,0.4312256821992896
2021-03-31,2021-06-27,0.9249705090808016
2021-03-31,2021-07-01,0.08075199931825283
2021-03-31,2021-07-05,0.2259704514636106
2021-03-31,2021-07-09,0.07181821712570924
2021-03-31,2021-07-13,0.9000704225174041
2021-03-31,2021-07-17,0.012062331696297335
2021-03-31,2021-07-21,0.05652965906618057
2021-03-31,2021-07-25,0.6530207945843167
2021-03-31,2021-07-29,0.42159428047967484
2021-03-31,2021-08-02,0.756928017361106
2021-03-31,2021-08-06,0.3063393135969914
2021-03-31,2021-08-10,0.4484326942386292
2021-03-31,2021-08-14,0.5448190075990081
2021-03-31,2021-08-18,0.1605790367153621
2021-03-31,2021-08-22,0.5387761756251622
2021-03-31,2021-08-26,0.456839899747543
2021-03-31,2021-08-30,0.9085092804487119
2021-03-31,2021-09-03,0.44518920931576444
2021-04-04,2021-04-08,0.5075377295409388
2021-04-04,2021-04-12,0.4473598203790077
2021-04-04,2021-04-16,0.10894177716647169
2021-04-04,2021-04-20,0.8651860834657895
2021-04-04,2021-04-24,0.5373785411833193
2021-04-04,2021-04-28,0.19435473480417964
2021-04-04,2021-05-02,0.8382943855594251
2021-04-04,2021-05-06,0.36506455964014206
2021-04-04,2021-05-10,0.9508590178101617
2021-04-04,2021-05-14,0.7466899926684164
2021-04-04,2021-05-18,0.638575918693756
2021-04-04,2021-05-22,0.35422208568141167
2021-04-04,2021-05-26,0.12472110074563925
2021-04-04,2021-05-30,0.04918656702439006
2021-04-04,2021-06-03,0.6602071341625197
2021-04-04,2021-06-07,0.7470697347865579
2021-04-04,2021-06-11,0.5493973918306375
2021-04-04,2021-06-15,0.7923250014617245
2021-04-04,2021-06-19,0.2907902893323331
2021-04-04,2021-06-23,0.5304253309255914
2021-04-04,2021-06-27,0.03976223949546509
2021-04-04,2021-07-01,0.3795982105938953
2021-04-04,2021-07-05,0.026763542365501047
2021-04-04,2021-07-09,0.7489063589915123
2021-04-04,2021-07-13,0.9606785813792748
2021-04-04,2021-07-17,0.5566714601842805
2021-04-04,2021-07-21,0.5950414673677141
2021-04-04,2021-07-25,0.06792668106976474
2021-04-04,2021-07-29,0.22588977805556065
2021-04-04,2021-08-02,0.4194239368892895
2021-04-04,2021-08-06,0.4109569187151415
2021-04-04,2021-08-10,0.2522785182582412
2021-04-04,2021-08-14,0.469247682673654
2021-04-04,2021-08-18,0.3709801857737104
2021-04-04,2021-08-22,0.7983019295506579
2021-04-04,2021-08-26,0.4111209447597266
2021-04-04,2021-08-30,0.6540217484449176
2021-04-04,2021-09-03,0.36538750281992705
2021-04-08,2021-04-12,0.4413135439479471
2021-04-08,2021-04-16,0.010603209768719313
2021-04-08,2021-04-20,0.10818182346560568
2021-04-08,2021-04-24,0.7836319303391698
2021-04-08,2021-04-28,0.03548663505344596
2021-04-08,2021-05-02,0.9879700796420778
2021-04-08,2021-05-06,0.3109850842955071
2021-04-08,2021-05-10,0.8369741690060577
2021-04-08,2021-05-14,0.24516006312219163
2021-04-08,2021-05-18,0.5149725319836083
2021-04-08,2021-05-22,0.88781104476892
2021-04-08,2021-05-26,0.30592421144924564
2021-04-08,2021-05-30,0.255100433056323
2021-04-08,2021-06-03,0.27660547904586896
2021-04-08,2021-06-07,0.9601186941079305
2021-04-08,2021-06-11,0.5104659886704458
2021-04-08,2021-06-15,0.5081923083755241
2021-04-08,2021-06-19,0.15733470738985922
2021-04-08,2021-06-23,0.7554849635397669
2021-04-08,2021-06-27,0.21074117607177623
2021-04-08,2021-07-01,0.4386069707144299
2021-04-08,2021-07-05,0.43634082662635043
2021-04-08,2021-07-09,0.9285518741097903
2021-04-08,2021-07-13,0.6073861674227564
2021-04-08,2021-07-17,0.3482927220058175
2021-04-08,2021-07-21,0.30828690631075917
2021-04-08,2021-07-25,0.3408266581610999
2021-04-08,2021-07-29,0.3075929841601609
2021-04-08,2021-08-02,0.8898906830480856
2021-04-08,2021-08-06,0.765367047223982
2021-04-08,2021-08-10,0.20187140482921162
2021-04-08,2021-08-14,0.40421222999043216
2021-04-08,2021-08-18,0.7496060976127943
2021-04-08,2021-08-22,0.8638278761531244
2021-04-08,2021-08-26,0.40032197900318445
2021-04-08,2021-08-30,0.26649807926972335
2021-04-08,2021-09-03,0.21306225626666586
2021-04-12,2021-04-16,0.5711120779831967
2021-04-12,2021-04-20,0.4474234314244562
2021-04-12,2021-04-24,0.45879902273606654
2021-04-12,2021-04-28,0.8636431783389894
2021-04-12,2021-05-02,0.7397811194892403
2021-04-12,2021-05-06,0.1409562981911502
2021-04-12,2021-05-10,0.9395068554980652
2021-04-12,2021-05-14,0.7680324490659788
2021-04-12,2021-05-18,0.7773890888792034
2021-04-12,2021-05-22,0.6585504711783374
2021-04-12,2021-05-26,0.6676952596035294
2021-04-12,2021-05-30,0.72941236817024
2021-04-12,2021-06-03,0.8678548530957502
2021-04-12,2021-06-07,0.97153991757605
2021-04-12,2021-06-11,0.2482362598197515
2021-04-12,2021-06-15,0.6599854956590353
2021-04-12,2021-06-19,0.8961085057183612
2021-04-12,2021-06-23,0.011064962298027337
2021-04-12,2021-06-27,0.03412450167679515
2021-04-12,2021-07-01,0.5684877348153912
2021-04-12,2021-07-05,0.19493455455437547
2021-04-12,2021-07-09,0.7177443326956955
2021-04-12,2021-07-13,0.39273167496201145
2021-04-12,2021-07-17,0.1680189664206002
2021-04-12,2021-07-21,0.4453588693340189
2021-04-12,2021-07-25,0.39748541505056667
2021-04-12,2021-07-29,0.36288832291395967
2021-04-12,2021-08-02,0.8895072086855514
2021-04-12,2021-08-06,0.9615876778103927
2021-04-12,2021-08-10,0.8790788275574029
2021-04-12,2021-08-14,0.1070143983012053
2021-04-12,2021-08-18,0.8411970882871828
2021-04-12,2021-08-22,0.7727622562395509
2021-04-12,2021-08-26,0.47683254767149696
2021-04-12,2021-08-30,0.02768577467644917
2021-04-12,2021-09-03,0.43533258589872315
2021-04-16,2021-04-20,0.42690594872536225
2021-04-16,2021-04-24,0.30545097300351165
2021-04-16,2021-04-28,0.3128072007743721
2021-04-16,2021-05-02,0.8639922204589185
2021-04-16,2021-05-06,0.9687594217675244
2021-04-16,2021-05-10,0.7794616388936284
2021-04-16,2021-05-14,0.9854161283456482
2021-04-16,2021-05-18,0.3809899630602529
2021-04-16,2021-05-22,0.13923307922745065
2021-04-16,2021-05-26,0.5954143839838728
2021-04-16,2021-05-30,0.6852359521599075
2021-04-16,2021-06-03,0.07530684567118284
2021-04-16,2021-06-07,0.5197969188490433
2021-04-16,2021-06-11,0.19270994412160358
2021-04-16,2021-06-15,0.6989497097713572
2021-04-16,2021-06-19,0.3112976266943579
2021-04-16,2021-06-23,0.35437477385680816
2021-04-16,2021-06-27,0.821682254445381
2021-04-16,2021-07-01,0.5050497409146684
2021-04-16,2021-07-05,0.906100949897391
2021-04-16,2021-07-09,0.3756233130873142
2021-04-16,2021-07-13,0.5832867988482003
2021-04-16,2021-07-17,0.46185432666016846
2021-04-16,2021-07-21,0.8770393677949992
2021-04-16,2021-07-25,0.2654286837412625
2021-04-16,2021-07-29,0.9116337549663853
2021-04-16,2021-08-02,0.6090498547753874
2021-04-16,2021-08-06,0.015770485143776214
2021-04-16,2021-08-10,0.1863088877208645
2021-04-16,2021-08-14,0.5323192456493622
2021-04-16,2021-08-18,0.4640332206872404
2021-04-16,2021-08-22,0.10319601116336696
2021-04-16,2021-08-26,0.8071058063369105
2021-04-16,2021-08-30,0.5096771495385286
2021-04-16,2021-09-03,0.3915844542411663
2021-04-20,2021-04-24,0.20378819474535936
2021-04-20,2021-04-28,0.1586021661027751
2021-04-20,2021-05-02,0.10357793195327425
2021-04-20,2021-05-06,0.5896228175226687
2021-04-20,2021-05-10,0.2175537680718027
2021-04-20,2021-05-14,0.6418750936057219
2021-04-20,2021-05-18,0.6256495073578171
2021-04-20,2021-05-22,0.7754791309293466
2021-04-20,2021-05-26,0.1360350738693228
2021-04-20,2021-05-30,0.7442198883645698
2021-04-20,2021-06-03,0.8650059533728234
2021-04-20,2021-06-07,0.9941773986322364
2021-04-20,2021-06-11,0.34370417198492775
2021-04-20,2021-06-15,0.38131180590686287
2021-04-20,2021-06-19,0.2834522051797287
2021-04-20,2021-06-23,0.6205759604901587
2021-04-20,2021-06-27,0.8852049184940531
2021-04-20,2021-07-01,0.1724034061362938
2021-04-20,2021-07-05,0.16597815302309415
2021-04-20,2021-07-09,0.22172893862167942
2021-04-20,2021-07-13,0.731292859718246
2021-04-20,2021-07-17,0.4243081391077993
2021-04-20,2021-07-21,0.7301345906907897
2021-04-20,2021-07-25,0.940011969370097
2021-04-20,2021-07-29,0.11474951027166835
2021-04-20,2021-08-02,0.32398951657080166
2021-04-20,2021-08-06,0.8245469549358159
2021-04-20,2021-08-10,0.08733661091549483
2021-04-20,2021-08-14,0.7365266979459288
2021-04-20,2021-08-18,0.7697767487098307
2021-04-20,2021-08-22,0.6099061232927656
2021-04-20,2021-08-26,0.3797721111372737
2021-04-20,2021-08-30,0.30918215562471274
2021-04-20,2021-09-03,0.9440156864814687
2021-04-24,2021-04-28,0.6021958692946464
2021-04-24,2021-05-02,0.6628308927151967
2021-04-24,2021-05-06,0.4854069327882432
2021-04-24,2021-05-10,0.8576585125451314
2021-04-24,2021-05-14,0.5277065165847661
2021-04-24,2021-05-18,0.24821738985656916
2021-04-24,2021-05-22,0.8630818426414285
2021-04-24,2021-05-26,0.415505377589251
2021-04-24,2021-05-30,0.7945696052347009
2021-04-24,2021-06-03,0.37742699178786276
2021-04-24,2021-06-07,0.1483330158202517
2021-04-24,2021-06-11,0.012212374112081648
2021-04-24,2021-06-15,0.47136005774311296
2021-04-24,2021-06-19,0.37457003902418673
2021-04-24,2021-06-23,0.9526052073974736
2021-04-24,2021-06-27,0.6198652628544999
2021-04-24,2021-07-01,0.2348275423090216
2021-04-24,2021-07-05,0.6670317920412608
2021-04-24,2021-07-09,0.982170543887656
2021-04-24,2021-07-13,0.03583716179959762
2021-04-24,2021-07-17,0.03879998681828711
2021-04-24,2021-07-21,0.008463820803638944
2021-04-24,2021-07-25,0.15002619487039193
2021-04-24,2021-07-29,0.3659733131076778
2021-04-24,2021-08-02,0.7325745278791277
2021-04-24,2021-08-06,0.33862783367424787
2021-04-24,2021-08-10,0.16178519018156168
2021-04-24,2021-08-14,0.36167356572092346
2021-04-24,2021-08-18,0.1724809015540698
2021-04-24,2021-08-22,0.4469456265255809
2021-04-24,2021-08-26,0.8073187380838218
2021-04-24,2021-08-30,0.7048158543400632
2021-04-24,2021-09-03,0.4981540245516761
2021-04-28,2021-05-02,0.6545865864290326
2021-04-28,2021-05-06,0.11400292003755486
2021-04-28,2021-05-10,0.09662447962609355
2021-04-28,2021-05-14,0.2099064799943593
2021-04-28,2021-05-18,0.0634574223022163
2021-04-28,2021-05-22,0.19623834966323306
2021-04-28,2021-05-26,0.7160399989686188
2021-04-28,2021-05-30,0.9341227825336701
2021-04-28,2021-06-03,0.38457823332897223
2021-04-28,2021-06-07,0.4567335850529416
2021-04-28,2021-06-11,0.47789622339706095
2021-04-28,2021-06-15,0.6851536468784626
2021-04-28,2021-06-19,0.3040983467331292
2021-04-28,2021-06-23,0.5516598100112694
2021-04-28,2021-06-27,0.12966229396698992
2021-04-28,2021-07-01,0.9845847459153194
2021-04-28,2021-07-05,0.12305192505847462
2021-04-28,2021-07-09,0.11717363204847275
2021-04-28,2021-07-13,0.40483110341701156
2021-04-28,2021-07-17,0.6071314443048677
2021-04-28,2021-07-21,0.8339412999085419
2021-04-28,2021-07-25,0.7271533678453799
2021-04-28,2021-07-29,0.671030826087497
2021-04-28,2021-08-02,0.7187858716413877
2021-04-28,2021-08-06,0.8813800508667737
2021-04-28,2021-08-10,0.9689177114058111
2021-04-28,2021-08-14,0.5961535486047762
2021-04-28,2021-08-18,0.844473054800105
2021-04-28,2021-08-22,0.5547377750979267
2021-04-28,2021-08-26,0.6535239186154517
2021-04-28,2021-08-30,0.03134468430375548
2021-04-28,2021-09-03,0.5894749608089862
2021-05-02,2021-05-06,0.5471385378146656
2021-05-02,2021-05-10,0.2925202835917564
2021-05-02,2021-05-14,0.8792834004877459
2021-05-02,2021-05-18,0.4141221732276148
2021-05-02,2021-05-22,0.27463751596894237
2021-05-02,2021-05-26,0.3602140166433718
2021-05-02,2021-05-30,0.29867749515799735
2021-05-02,2021-06-03,0.17413585884218774
2021-05-02,2021-06-07,0.8307697721037833
2021-05-02,2021-06-11,0.36466645067538184
2021-05-02,2021-06-15,0.43276097855257456
2021-05-02,2021-06-19,0.8980887722851278
2021-05-02,2021-06-23,0.03919418217276771
2021-05-02,2021-06-27,0.8209686928665225
2021-05-02,2021-07-01,0.6691580464949488
2021-05-02,2021-07-05,0.3000469415214261
2021-05-02,2021-07-09,0.581064932382463
2021-05-02,2021-07-13,0.872767444453699
2021-05-02,2021-07-17,0.0003264554531590136
2021-05-02,2021-07-21,0.7658827413867851
2021-05-02,2021-07-25,0.16517379461857662
2021-05-02,2021-07-29,0.6669690189458013
2021-05-02,2021-08-02,0.4885198897757904
2021-05-02,2021-08-06,0.7659221080062174
2021-05-02,2021-08-10,0.5710869332510919
2021-05-02,2021-08-14,0.5390906873020985
2021-05-02,2021-08-18,0.6138549223698155
2021-05-02,2021-08-22,0.17063511744269944
2021-05-02,2021-08-26,0.800970102068792
2021-05-02,2021-08-30,0.2109410117415369
2021-05-02,2021-09-03,0.3638776867330712
2021-05-06,2021-05-10,0.9836216074770361
2021-05-06,2021-05-14,0.5772478687733872
2021-05-06,2021-05-18,0.13362351734689581
2021-05-06,2021-05-22,0.6444926285861117
2021-05-06,2021-05-26,0.4335893266854779
2021-05-06,2021-05-30,0.7292181042791626
2021-05-06,2021-06-03,0.9580397505569531
2021-05-06,2021-06-07,0.4028472026388078
2021-05-06,2021-06-11,0.8565713801320283
2021-05-06,2021-06-15,0.09472126428996319
2021-05-06,2021-06-19,0.8317071794637804
2021-05-06,2021-06-23,0.8413673003027459
2021-05-06,2021-06-27,0.3059679969503334
2021-05-06,2021-07-01,0.924961606071656
2021-05-06,2021-07-05,0.5540713304022576
2021-05-06,2021-07-09,0.5172669019579602
2021-05-06,2021-07-13,0.34504017135127607
2021-05-06,2021-07-17,0.5745530833624151
2021-05-06,2021-07-21,0.6486635322023256
2021-05-06,2021-07-25,0.8511146921673719
2021-05-06,2021-07-29,0.9796636603241099
2021-05-06,2021-08-02,0.017806446889023664
2021-05-06,2021-08-06,0.10435552199425091
2021-05-06,2021-08-10,0.513427320593581
2021-05-06,2021-08-14,0.3932663333585681
2021-05-06,2021-08-18,0.8858943990244487
2021-05-06,2021-08-22,0.11787974393659717
2021-05-06,2021-08-26,0.2126366718716508
2021-05-06,2021-08-30,0.9710995021220947
2021-05-06,2021-09-03,0.4665502008777044
2021-05-10,2021-05-14,0.5228405678345742
2021-05-10,2021-05-18,0.8987326390855428
2021-05-10,2021-05-22,0.43485540523570587
2021-05-10,2021-05-26,0.8909655134204237
2021-05-10,2021-05-30,0.9285432324229035
2021-05-10,2021-06-03,0.09491893277651409
2021-05-10,2021-06-07,0.6100342971213056
2021-05-10,2021-06-11,0.34567568343560207
2021-05-10,2021-06-15,0.33991008025548064
2021-05-10,2021-06-19,0.4135091832791521
2021-05-10,2021-06-23,0.11688887883673305
2021-05-10,2021-06-27,0.7808367688350802
2021-05-10,2021-07-01,0.24922425555891536
2021-05-10,2021-07-05,0.8752202210491857
2021-05-10,2021-07-09,0.5975623349122801
2021-05-10,2021-07-13,0.033527049200842485
2021-05-10,2021-07-17,0.8977995631734715
2021-05-10,2021-07-21,0.9655479679577856
2021-05-10,2021-07-25,0.8841665258566445
2021-05-10,2021-07-29,0.060845568461674215
2021-05-10,2021-08-02,0.7472487418302628
2021-05-10,2021-08-06,0.2875224609182647
2021-05-10,2021-08-10,0.8268283991512586
2021-05-10,2021-08-14,0.15232107464642364
2021-05-10,2021-08-18,0.3989152608045564
2021-05-10,2021-08-22,0.5787580318395458
2021-05-10,2021-08-26,0.6499287290466302
2021-05-10,2021-08-30,0.4954738583717434
2021-05-10,2021-09-03,0.7682937573781783
2021-05-14,2021-05-18,0.4598390070607197
2021-05-14,2021-05-22,0.8730799892650114
2021-05-14,2021-05-26,0.845033403592492
2021-05-14,2021-05-30,0.5931782188111233
2021-05-14,2021-06-03,0.2972692680585427
2021-05-14,2021-06-07,0.4220691707063897
2021-05-14,2021-06-11,0.15715827352213563
2021-05-14,2021-06-15,0.9292146208352481
2021-05-14,2021-06-19,0.6039623687404352
2021-05-14,2021-06-23,0.006041898121522671
2021-05-14,2021-06-27,0.17393428288768975
2021-05-14,2021-07-01,0.6395721145759249
2021-05-14,2021-07-05,0.42477751433572275
2021-05-14,2021-07-09,0.7943748480363063
2021-05-14,2021-07-13,0.4954438807503575
2021-05-14,2021-07-17,0.09775735573419464
2021-05-14,2021-07-21,0.2780064563654615
2021-05-14,2021-07-25,0.18347196480601657
2021-05-14,2021-07-29,0.9082497119958999
2021-05-14,2021-08-02,0.7552906624838019
2021-05-14,2021-08-06,0.19429333200413956
2021-05-14,2021-08-10,0.36785579777818966
2021-05-14,2021-08-14,0.5142035458901434
2021-05-14,2021-08-18,0.7138328048100699
2021-05-14,2021-08-22,0.8682717604093236
2021-05-14,2021-08-26,0.5434664461854504
2021-05-14,2021-08-30,0.7397280192827634
2021-05-14,2021-09-03,0.5590575990193105
2021-05-18,2021-05-22,0.41898875925338486
2021-05-18,2021-05-26,0.9112711608345959
2021-05-18,2021-05-30,0.2753173097642383
2021-05-18,2021-06-03,0.5712705038039084
2021-05-18,2021-06-07,0.869528760765147
2021-05-18,2021-06-11,0.8121146301536063
2021-05-18,2021-06-15,0.07077591289126928
2021-05-18,2021-06-19,0.9649907788161723
2021-05-18,2021-06-23,0.21628445324622614
2021-05-18,2021-06-27,0.3766543987721065
2021-05-18,2021-07-01,0.5029826695497689
2021-05-18,2021-07-05,0.14201676965769838
2021-05-18,2021-07-09,0.5915903686685925
2021-05-18,2021-07-13,0.8571425547026824
2021-05-18,2021-07-17,0.5731631301966291
2021-05-18,2021-07-21,0.12002065194330236
2021-05-18,2021-07-25,0.8501195709265429
2021-05-18,2021-07-29,0.03459637673541616
2021-05-18,2021-08-02,0.9820173912766992
2021-05-18,2021-08-06,0.8674243603224628
2021-05-18,2021-08-10,0.2692440181403367
2021-05-18,2021-08-14,0.5051452016609449
2021-05-18,2021-08-18,0.5895137431728864
2021-05-18,2021-08-22,0.18046811730950207
2021-05-18,2021-08-26,0.2697647801076044
2021-05-18,2021-08-30,0.38171893177243343
2021-05-18,2021-09-03,0.8197362599794342
2021-05-22,2021-05-26,0.21098911302763323
2021-05-22,2021-05-30,0.08186662917769305
2021-05-22,2021-06-03,0.5293668357215466
2021-05-22,2021-06-07,0.7646791224188524
2021-05-22,2021-06-11,0.6502065589916752
2021-05-22,2021-06-15,0.647563655339047
2021-05-22,2021-06-19,0.6581883321957928
2021-05-22,2021-06-23,0.8940973177933026
2021-05-22,2021-06-27,0.47361164781021703
2021-05-22,2021-07-01,0.2135199629433514
2021-05-22,2021-07-05,0.5380794882372685
2021-05-22,2021-07-09,0.28214803056128
2021-05-22,2021-07-13,0.32717597685667044
2021-05-22,2021-07-17,0.5985993534163012
2021-05-22,2021-07-21,0.154061055951627
2021-05-22,2021-07-25,0.1881034132566608
2021-05-22,2021-07-29,0.24927199028835323
2021-05-22,2021-08-02,0.7353623926085052
2021-05-22,2021-08-06,0.12561823902179725
2021-05-22,2021-08-10,0.4827271769985001
2021-05-22,2021-08-14,0.660356636999741
2021-05-22,2021-08-18,0.735384523648585
2021-05-22,2021-08-22,0.12736202634521687
2021-05-22,2021-08-26,0.6781047780929752
2021-05-22,2021-08-30,0.5113720871756894
2021-05-22,2021-09-03,0.29095201092821565
2021-05-26,2021-05-30,0.08174807883647661
2021-05-26,2021-06-03,0.6287444310063817
2021-05-26,2021-06-07,0.13311453160990638
2021-05-26,2021-06-11,0.9986661478202778
2021-05-26,2021-06-15,0.2676387299040509
2021-05-26,2021-06-19,0.48380747778440025
2021-05-26,2021-06-23,0.9856825186668349
2021-05-26,2021-06-27,0.6311408137888233
2021-05-26,2021-07-01,0.7387418952484845
2021-05-26,2021-07-05,0.24156178596446143
2021-05-26,2021-07-09,0.5188702266967505
2021-05-26,2021-07-13,0.42539223674613713
2021-05-26,2021-07-17,0.6783541746780725
2021-05-26,2021-07-21,0.9986072977422791
2021-05-26,2021-07-25,7.2438805134300566e-06
2021-05-26,2021-07-29,0.24326047743203727
2021-05-26,2021-08-02,0.3560655858891758
2021-05-26,2021-08-06,0.2694944032818125
2021-05-26,2021-08-10,0.5931099986381071
2021-05-26,2021-08-14,0.1575970036274883
2021-05-26,2021-08-18,0.02288558409025776
2021-05-26,2021-08-22,0.6208221893110577
2021-05-26,2021-08-26,0.9737296512135633
2021-05-26,2021-08-30,0.7587893431027585
2021-05-26,2021-09-03,0.055516248676241386
2021-05-30,2021-06-03,0.34232076101173525
2021-05-30,2021-06-07,0.6171238305665585
2021-05-30,2021-06-11,0.420023480994009
2021-05-30,2021-06-15,0.8759961735798032
2021-05-30,2021-06-19,0.3432691269859699
2021-05-30,2021-06-23,0.8532189965764323
2021-05-30,2021-06-27,0.3038558506265383
2021-05-30,2021-07-01,0.36182421169396584
2021-05-30,2021-07-05,0.4908489845904608
2021-05-30,2021-07-09,0.58808865822878
2021-05-30,2021-07-13,0.6635118493377786
2021-05-30,2021-07-17,0.002098158468280875
2021-05-30,2021-07-21,0.903178334872085
2021-05-30,2021-07-25,0.17562943257665942
2021-05-30,2021-07-29,0.9691380395370711
2021-05-30,2021-08-02,0.8144141045541636
2021-05-30,2021-08-06,0.31400125958427505
2021-05-30,2021-08-10,0.9272186501852756
2021-05-30,2021-08-14,0.4495986587989639
2021-05-30,2021-08-18,0.23275441258773788
2021-05-30,2021-08-22,0.562857831752863
2021-05-30,2021-08-26,0.6031802902327998
2021-05-30,2021-08-30,0.8985201098139354
2021-05-30,2021-09-03,0.5047370208256583
2021-06-03,2021-06-07,0.7554175218075279
2021-06-03,2021-06-11,0.1555351282315417
2021-06-03,2021-06-15,0.5466915839538022
2021-06-03,2021-06-19,0.8447363758599099
2021-06-03,2021-06-23,0.35874436614826777
2021-06-03,2021-06-27,0.40674149646499724
2021-06-03,2021-07-01,0.18185734953277277
2021-06-03,2021-07-05,0.3337070885648926
2021-06-03,2021-07-09,0.0843115959733215
2021-06-03,2021-07-13,0.4146158796666337
2021-06-03,2021-07-17,0.49609199781663316
2021-06-03,2021-07-21,0.5735253674939326
2021-06-03,2021-07-25,0.5558298469496169
2021-06-03,2021-07-29,0.8748480141311407
2021-06-03,2021-08-02,0.09876582458169691
2021-06-03,2021-08-06,0.6777389484755965
2021-06-03,2021-08-10,0.48882683357093937
2021-06-03,2021-08-14,0.16908916651848382
2021-06-03,2021-08-18,0.22652447954570354
2021-06-03,2021-08-22,0.9547261747126888
2021-06-03,2021-08-26,0.6485328753175157
2021-06-03,2021-08-30,0.9126052799740942
2021-06-03,2021-09-03,0.36771097151986754
2021-06-07,2021-06-11,0.4879483497582313
2021-06-07,2021-06-15,0.8359413623080152
2021-06-07,2021-06-19,0.5464997536245312
2021-06-07,2021-06-23,0.0049727208440247805
2021-06-07,2021-06-27,0.17729526506819038
2021-06-07,2021-07-01,0.12330891527751575
2021-06-07,2021-07-05,0.25898360036805024
2021-06-07,2021-07-09,0.9051446189337601
2021-06-07,2021-07-13,0.14283077715745973
2021-06-07,2021-07-17,0.4940690760103097
2021-06-07,2021-07-21,0.7885716078309006
2021-06-07,2021-07-25,0.010055927884870308
2021-06-07,2021-07-29,0.3655823584553828
2021-06-07,2021-08-02,0.4648629149869631
2021-06-07,2021-08-06,0.1807357698996892
2021-06-07,2021-08-10,0.525061701582131
2021-06-07,2021-08-14,0.23548204860604383
2021-06-07,2021-08-18,0.2629283674355207
2021-06-07,2021-08-22,0.28866477997828544
2021-06-07,2021-08-26,0.7873248558966288
2021-06-07,2021-08-30,0.5964734363613514
2021-06-07,2021-09-03,0.39995811863601616
2021-06-11,2021-06-15,0.21420940720455484
2021-06-11,2021-06-19,0.09022745359296469
2021-06-11,2021-06-23,0.8227518952155534
2021-06-11,2021-06-27,0.7947350307221924
2021-06-11,2021-07-01,0.5988872390608923
2021-06-11,2021-07-05,0.13352204235321374
2021-06-11,2021-07-09,0.9778678127197216
2021-06-11,2021-07-13,0.9402748307711484
2021-06-11,2021-07-17,0.8278943338536798
2021-06-11,2021-07-21,0.9026722319557515
2021-06-11,2021-07-25,0.06156716193584377
2021-06-11,2021-07-29,0.8463695296015905
2021-06-11,2021-08-02,0.5107763060916354
2021-06-11,2021-08-06,0.9963506537719051
2021-06-11,2021-08-10,0.026057308414163316
2021-06-11,2021-08-14,0.549375670555253
2021-06-11,2021-08-18,0.8813247140382862
2021-06-11,2021-08-22,0.43429574071799926
2021-06-11,2021-08-26,0.39870519190147724
2021-06-11,2021-08-30,0.09310815476602186
2021-06-11,2021-09-03,0.6740505887612404
2021-06-15,2021-06-19,0.0628754955989369
2021-06-15,2021-06-23,0.5526906025962969
2021-06-15,2021-06-27,0.49981476552232285
2021-06-15,2021-07-01,0.7036888852281815
2021-06-15,2021-07-05,0.8098347185584355
2021-06-15,2021-07-09,0.7420753609641786
2021-06-15,2021-07-13,0.6440998667377272
2021-06-15,2021-07-17,0.9575250864457823
2021-06-15,2021-07-21,0.6333833842200874
2021-06-15,2021-07-25,0.271193186327257
2021-06-15,2021-07-29,0.33547426222907906
2021-06-15,2021-08-02,0.40220424805170596
2021-06-15,2021-08-06,0.9326244846000045
2021-06-15,2021-08-10,0.9502097480279408
2021-06-15,2021-08-14,0.5927174412167097
2021-06-15,2021-08-18,0.383658513482231
2021-06-15,2021-08-22,0.06293817768951715
2021-06-15,2021-08-26,0.4489771281695133
2021-06-15,2021-08-30,0.8983888032442398
2021-06-15,2021-09-03,0.9402593204048494
2021-06-19,2021-06-23,0.8061077395444858
2021-06-19,2021-06-27,0.49033834315534885
2021-06-19,2021-07-01,0.6396553845092392
2021-06-19,2021-07-05,0.3039803843301252
2021-06-19,2021-07-09,0.47858104179942285
2021-06-19,2021-07-13,0.8544037438322756
2021-06-19,2021-07-17,0.06589841883830305
2021-06-19,2021-07-21,0.6558767707330175
2021-06-19,2021-07-25,0.2863806499742273
2021-06-19,2021-07-29,0.6376786743328458
2021-06-19,2021-08-02,0.8988392588608991
2021-06-19,2021-08-06,0.19223805950852746
2021-06-19,2021-08-10,0.7665701899390155
2021-06-19,2021-08-14,0.9045846268852566
2021-06-19,2021-08-18,0.4429589943074994
2021-06-19,2021-08-22,0.8851720599725099
2021-06-19,2021-08-26,0.5804772340158612
2021-06-19,2021-08-30,0.4288277832998727
2021-06-19,2021-09-03,0.8340408806406657
2021-06-23,2021-06-27,0.5401000909734113
2021-06-23,2021-07-01,0.31983005818808785
2021-06-23,2021-07-05,0.41882296459297863
2021-06-23,2021-07-09,0.5474187441422935
2021-06-23,2021-07-13,0.6192358942692754
2021-06-23,2021-07-17,0.30010523455514126
2021-06-23,2021-07-21,0.5803967512464404
2021-06-23,2021-07-25,0.3325323542225974
2021-06-23,2021-07-29,0.9777656962043911
2021-06-23,2021-08-02,0.3477160355695321
2021-06-23,2021-08-06,0.4485943580002951
2021-06-23,2021-08-10,0.48668319857519715
2021-06-23,2021-08-14,0.12908127524225477
2021-06-23,2021-08-18,0.9616889535176765
2021-06-23,2021-08-22,0.7578545985243716
2021-06-23,2021-08-26,0.2696455490142121
2021-06-23,2021-08-30,0.2914176802717926
2021-06-23,2021-09-03,0.19316762343929383
2021-06-27,2021-07-01,0.9799069701299215
2021-06-27,2021-07-05,0.6369095970669678
2021-06-27,2021-07-09,0.43129053760183833
2021-06-27,2021-07-13,0.7594534673070564
2021-06-27,2021-07-17,0.11389004863281882
2021-06-27,2021-07-21,0.6658860889955502
2021-06-27,2021-07-25,0.5776213885615477
2021-06-27,2021-07-29,0.9053216566393928
2021-06-27,2021-08-02,0.931913853418205
2021-06-27,2021-08-06,0.8474589010239514
2021-06-27,2021-08-10,0.10097265919478149
2021-06-27,2021-08-14,0.34475606003975456
2021-06-27,2021-08-18,0.9560997754075279
2021-06-27,2021-08-22,0.8432020453175503
2021-06-27,2021-08-26,0.5228598753757989
2021-06-27,2021-08-30,0.5231771521026738
2021-06-27,2021-09-03,0.6746225830832571
2021-07-01,2021-07-05,0.5266124328082311
2021-07-01,2021-07-09,0.1017324933741891
2021-07-01,2021-07-13,0.829231837496799
2021-07-01,2021-07-17,0.8067974490927948
2021-07-01,2021-07-21,0.5658226103067473
2021-07-01,2021-07-25,0.5638066485160766
2021-07-01,2021-07-29,0.20472531432371888
2021-07-01,2021-08-02,0.13462619063195935
2021-07-01,2021-08-06,0.475457706475487
2021-07-01,2021-08-10,0.30167448840325206
2021-07-01,2021-08-14,0.6636475497987382
2021-07-01,2021-08-18,0.44855511852234875
2021-07-01,2021-08-22,0.18747269684656864
2021-07-01,2021-08-26,0.664605978978628
2021-07-01,2021-08-30,0.770244021246316
2021-07-01,2021-09-03,0.8396343213947636
2021-07-05,2021-07-09,0.22460187981662572
2021-07-05,2021-07-13,0.4501261308986184
2021-07-05,2021-07-17,0.6189879128450747
2021-07-05,2021-07-21,0.4784070814023259
2021-07-05,2021-07-25,0.23840876125408417
2021-07-05,2021-07-29,0.8063587573015724
2021-07-05,2021-08-02,0.23779601427654606
2021-07-05,2021-08-06,0.9570572488404528
2021-07-05,2021-08-10,0.6773016374743583
2021-07-05,2021-08-14,0.7662821262047105
2021-07-05,2021-08-18,0.6506038023008198
2021-07-05,2021-08-22,0.1108207255112903
2021-07-05,2021-08-26,0.43298311283685886
2021-07-05,2021-08-30,0.4591691000161906
2021-07-05,2021-09-03,0.20583118991755134
2021-07-09,2021-07-13,0.5502684755829095
2021-07-09,2021-07-17,0.37184015640989343
2021-07-09,2021-07-21,0.2830460668079182
2021-07-09,2021-07-25,0.37231160137172226
2021-07-09,2021-07-29,0.2336163263969403
2021-07-09,2021-08-02,0.3921242054453835
2021-07-09,2021-08-06,0.10089955731279299
2021-07-09,2021-08-10,0.013294552002084403
2021-07-09,2021-08-14,0.7717301090556653
2021-07-09,2021-08-18,0.013537564146733128
2021-07-09,2021-08-22,0.40190647162940674
2021-07-09,2021-08-26,0.16007949922155051
2021-07-09,2021-08-30,0.7285154839794795
2021-07-09,2021-09-03,0.7139331380206094
2021-07-13,2021-07-17,0.8930167468908917
2021-07-13,2021-07-21,0.29614448017988826
2021-07-13,2021-07-25,0.0963106929047799
2021-07-13,2021-07-29,0.44619470634743374
2021-07-13,2021-08-02,0.9045634037097816
2021-07-13,2021-08-06,0.19791274701428763
2021-07-13,2021-08-10,0.4850872253957992
2021-07-13,2021-08-14,0.1948928038439266
2021-07-13,2021-08-18,0.5331874932176194
2021-07-13,2021-08-22,0.010176257046296988
2021-07-13,2021-08-26,0.1055788884266966
2021-07-13,2021-08-30,0.2719328195423102
2021-07-13,2021-09-03,0.13301636393677807
2021-07-17,2021-07-21,0.06705832466822681
2021-07-17,2021-07-25,0.35063725225469666
2021-07-17,2021-07-29,0.5185900331023781
2021-07-17,2021-08-02,0.5522875667812843
2021-07-17,2021-08-06,0.1926352790878405
2021-07-17,2021-08-10,0.425630757284882
2021-07-17,2021-08-14,0.5378773226647494
2021-07-17,2021-08-18,0.35201786206373786
2021-07-17,2021-08-22,0.8485738372759819
2021-07-17,2021-08-26,0.8667233725330843
2021-07-17,2021-08-30,0.8482209155746744
2021-07-17,2021-09-03,0.3499496020351478
2021-07-21,2021-07-25,0.9066632534007862
2021-07-21,2021-07-29,0.5454328648683104
2021-07-21,2021-08-02,0.6165205608689737
2021-07-21,2021-08-06,0.3518379007455704
2021-07-21,2021-08-10,0.020473830688177208
2021-07-21,2021-08-14,0.28914703494776306
2021-07-21,2021-08-18,0.6674596088794738
2021-07-21,2021-08-22,0.8624306926555746
2021-07-21,2021-08-26,0.39472295826531023
2021-07-21,2021-08-30,0.6353526465170142
2021-07-21,2021-09-03,0.9495799792983906
2021-07-25,2021-07-29,0.06097134771946422
2021-07-25,2021-08-02,0.9424769301579069
2021-07-25,2021-08-06,0.6012463855333505
2021-07-25,2021-08-10,0.14827040025703486
2021-07-25,2021-08-14,0.7553019483732325
2021-07-25,2021-08-18,0.8447805187871783
2021-07-25,2021-08-22,0.9922081773662658
2021-07-25,2021-08-26,0.2627635304542011
2021-07-25,2021-08-30,0.6495374585276155
2021-07-25,2021-09-03,0.21487180059035726
2021-07-29,2021-08-02,0.7870065604213468
2021-07-29,2021-08-06,0.7668783446530208
2021-07-29,2021-08-10,0.5351415596488485
2021-07-29,2021-08-14,0.5203086004668119
2021-07-29,2021-08-18,0.7202474015468201
2021-07-29,2021-08-22,0.26602536917861985
2021-07-29,2021-08-26,0.8954255703896057
2021-07-29,2021-08-30,0.47262693728048877
2021-07-29,2021-09-03,0.12655513898331194
2021-08-02,2021-08-06,0.0655230825804668
2021-08-02,2021-08-10,0.8490591374127433
2021-08-02,2021-08-14,0.8051998013802827
2021-08-02,2021-08-18,0.9858361166052081
2021-08-02,2021-08-22,0.7954809348267224
2021-08-02,2021-08-26,0.6505881634318943
2021-08-02,2021-08-30,0.5950643500861695
2021-08-02,2021-09-03,0.5271193148074352
2021-08-06,2021-08-10,0.7505415298954241
2021-08-06,2021-08-14,0.19998443754238593
2021-08-06,2021-08-18,0.4189654555022244
2021-08-06,2021-08-22,0.744819693746347
2021-08-06,2021-08-26,0.21384443837406186
2021-08-06,2021-08-30,0.23783385692217396
2021-08-06,2021-09-03,0.04767291923599204
2021-08-10,2021-08-14,0.9226799380654641
2021-08-10,2021-08-18,0.7904689250252126
2021-08-10,2021-08-22,0.5964666620622734
2021-08-10,2021-08-26,0.3993370182324426
2021-08-10,2021-08-30,0.5616581512419782
2021-08-10,2021-09-03,0.1046950840292441
2021-08-14,2021-08-18,0.6735708608992618
2021-08-14,2021-08-22,0.1170550874405707
2021-08-14,2021-08-26,0.4410832589402005
2021-08-14,2021-08-30,0.9227622435924886
2021-08-14,2021-09-03,0.7680329021288355
2021-08-18,2021-08-22,0.3206088479653818
2021-08-18,2021-08-26,0.6430641217138122
2021-08-18,2021-08-30,0.9550147559804019
2021-08-18,2021-09-03,0.4098540398991045
2021-08-22,2021-08-26,0.07732960664173094
2021-08-22,2021-08-30,0.15712735197343208
2021-08-22,2021-09-03,0.24413970852950306
2021-08-26,2021-08-30,0.796729730740976
2021-08-26,2021-09-03,0.15084890319429833
2021-08-30,2021-09-03,0.42526859435785935
